[{"model": "admin.logentry", "pk": 1, "fields": {"action_time": "2022-05-10T19:06:02.099Z", "user": 1, "content_type": 10, "object_id": "1", "object_repr": "44-ФЗ", "action_flag": 1, "change_message": "[{\"added\": {}}]"}}, {"model": "admin.logentry", "pk": 2, "fields": {"action_time": "2022-05-10T19:06:13.572Z", "user": 1, "content_type": 7, "object_id": "1", "object_repr": "ФАС", "action_flag": 1, "change_message": "[{\"added\": {}}]"}}, {"model": "admin.logentry", "pk": 3, "fields": {"action_time": "2022-05-10T19:06:21.644Z", "user": 1, "content_type": 7, "object_id": "2", "object_repr": "Суды", "action_flag": 1, "change_message": "[{\"added\": {}}]"}}, {"model": "admin.logentry", "pk": 4, "fields": {"action_time": "2022-05-10T19:06:41.388Z", "user": 1, "content_type": 7, "object_id": "2", "object_repr": "Суд", "action_flag": 2, "change_message": "[{\"changed\": {\"fields\": [\"\\u041a\\u0430\\u0442\\u0435\\u0433\\u043e\\u0440\\u0438\\u044f\", \"\\u0421\\u0441\\u044b\\u043b\\u043a\\u0430\"]}}]"}}, {"model": "admin.logentry", "pk": 5, "fields": {"action_time": "2022-05-10T19:06:59.258Z", "user": 1, "content_type": 7, "object_id": "3", "object_repr": "Прокуратура", "action_flag": 1, "change_message": "[{\"added\": {}}]"}}, {"model": "admin.logentry", "pk": 6, "fields": {"action_time": "2022-05-11T09:17:35.847Z", "user": 1, "content_type": 11, "object_id": "6", "object_repr": "Тестовый документ 001", "action_flag": 1, "change_message": "[{\"added\": {}}]"}}, {"model": "admin.logentry", "pk": 7, "fields": {"action_time": "2022-05-11T13:24:30.760Z", "user": 1, "content_type": 8, "object_id": "9", "object_repr": "mmn", "action_flag": 3, "change_message": ""}}, {"model": "admin.logentry", "pk": 8, "fields": {"action_time": "2022-05-11T13:24:30.776Z", "user": 1, "content_type": 8, "object_id": "8", "object_repr": "jhghg", "action_flag": 3, "change_message": ""}}, {"model": "admin.logentry", "pk": 9, "fields": {"action_time": "2022-05-11T13:24:30.781Z", "user": 1, "content_type": 8, "object_id": "7", "object_repr": "dfdf", "action_flag": 3, "change_message": ""}}, {"model": "admin.logentry", "pk": 10, "fields": {"action_time": "2022-05-11T13:24:30.786Z", "user": 1, "content_type": 8, "object_id": "3", "object_repr": "ggdggf", "action_flag": 3, "change_message": ""}}, {"model": "admin.logentry", "pk": 11, "fields": {"action_time": "2022-05-11T13:24:30.790Z", "user": 1, "content_type": 8, "object_id": "2", "object_repr": "ggggf", "action_flag": 3, "change_message": ""}}, {"model": "admin.logentry", "pk": 12, "fields": {"action_time": "2022-05-11T13:24:30.795Z", "user": 1, "content_type": 8, "object_id": "1", "object_repr": "gggg", "action_flag": 3, "change_message": ""}}, {"model": "admin.logentry", "pk": 13, "fields": {"action_time": "2022-05-11T18:43:26.860Z", "user": 1, "content_type": 8, "object_id": "23", "object_repr": "7777", "action_flag": 3, "change_message": ""}}, {"model": "admin.logentry", "pk": 14, "fields": {"action_time": "2022-05-11T18:43:26.870Z", "user": 1, "content_type": 8, "object_id": "22", "object_repr": "ewewewe", "action_flag": 3, "change_message": ""}}, {"model": "admin.logentry", "pk": 15, "fields": {"action_time": "2022-05-11T18:43:26.882Z", "user": 1, "content_type": 8, "object_id": "21", "object_repr": "dds1123", "action_flag": 3, "change_message": ""}}, {"model": "admin.logentry", "pk": 16, "fields": {"action_time": "2022-05-11T18:43:26.889Z", "user": 1, "content_type": 8, "object_id": "20", "object_repr": "9877", "action_flag": 3, "change_message": ""}}, {"model": "admin.logentry", "pk": 17, "fields": {"action_time": "2022-05-11T18:43:26.895Z", "user": 1, "content_type": 8, "object_id": "19", "object_repr": "11111111111", "action_flag": 3, "change_message": ""}}, {"model": "admin.logentry", "pk": 18, "fields": {"action_time": "2022-05-11T18:43:26.902Z", "user": 1, "content_type": 8, "object_id": "18", "object_repr": "111", "action_flag": 3, "change_message": ""}}, {"model": "admin.logentry", "pk": 19, "fields": {"action_time": "2022-05-11T18:43:26.910Z", "user": 1, "content_type": 8, "object_id": "17", "object_repr": "hgt4", "action_flag": 3, "change_message": ""}}, {"model": "admin.logentry", "pk": 20, "fields": {"action_time": "2022-05-11T18:43:26.917Z", "user": 1, "content_type": 8, "object_id": "16", "object_repr": "8888", "action_flag": 3, "change_message": ""}}, {"model": "admin.logentry", "pk": 21, "fields": {"action_time": "2022-05-11T18:43:26.924Z", "user": 1, "content_type": 8, "object_id": "15", "object_repr": "dddff", "action_flag": 3, "change_message": ""}}, {"model": "admin.logentry", "pk": 22, "fields": {"action_time": "2022-05-11T18:43:26.934Z", "user": 1, "content_type": 8, "object_id": "14", "object_repr": "dfgdfgdss", "action_flag": 3, "change_message": ""}}, {"model": "admin.logentry", "pk": 23, "fields": {"action_time": "2022-05-11T18:43:26.941Z", "user": 1, "content_type": 8, "object_id": "13", "object_repr": "dfgdfgd", "action_flag": 3, "change_message": ""}}, {"model": "admin.logentry", "pk": 24, "fields": {"action_time": "2022-05-11T18:43:26.949Z", "user": 1, "content_type": 8, "object_id": "12", "object_repr": "dfgdfg", "action_flag": 3, "change_message": ""}}, {"model": "admin.logentry", "pk": 25, "fields": {"action_time": "2022-05-11T18:43:26.960Z", "user": 1, "content_type": 8, "object_id": "11", "object_repr": "fff", "action_flag": 3, "change_message": ""}}, {"model": "admin.logentry", "pk": 26, "fields": {"action_time": "2022-05-11T18:43:26.965Z", "user": 1, "content_type": 8, "object_id": "10", "object_repr": "mmn", "action_flag": 3, "change_message": ""}}, {"model": "admin.logentry", "pk": 27, "fields": {"action_time": "2022-05-11T19:18:08.698Z", "user": 1, "content_type": 8, "object_id": "31", "object_repr": "11", "action_flag": 3, "change_message": ""}}, {"model": "admin.logentry", "pk": 28, "fields": {"action_time": "2022-05-11T19:18:08.706Z", "user": 1, "content_type": 8, "object_id": "30", "object_repr": "11dd112", "action_flag": 3, "change_message": ""}}, {"model": "admin.logentry", "pk": 29, "fields": {"action_time": "2022-05-11T19:18:08.715Z", "user": 1, "content_type": 8, "object_id": "29", "object_repr": "sdfdf", "action_flag": 3, "change_message": ""}}, {"model": "admin.logentry", "pk": 30, "fields": {"action_time": "2022-05-11T19:18:08.723Z", "user": 1, "content_type": 8, "object_id": "28", "object_repr": "1rrf", "action_flag": 3, "change_message": ""}}, {"model": "admin.logentry", "pk": 31, "fields": {"action_time": "2022-05-11T19:18:08.736Z", "user": 1, "content_type": 8, "object_id": "27", "object_repr": "12s", "action_flag": 3, "change_message": ""}}, {"model": "admin.logentry", "pk": 32, "fields": {"action_time": "2022-05-11T19:18:08.742Z", "user": 1, "content_type": 8, "object_id": "26", "object_repr": "12ee", "action_flag": 3, "change_message": ""}}, {"model": "admin.logentry", "pk": 33, "fields": {"action_time": "2022-05-11T19:18:08.749Z", "user": 1, "content_type": 8, "object_id": "25", "object_repr": "wer2323", "action_flag": 3, "change_message": ""}}, {"model": "admin.logentry", "pk": 34, "fields": {"action_time": "2022-05-11T19:18:08.755Z", "user": 1, "content_type": 8, "object_id": "24", "object_repr": "23232", "action_flag": 3, "change_message": ""}}, {"model": "admin.logentry", "pk": 35, "fields": {"action_time": "2022-05-11T19:19:13.701Z", "user": 1, "content_type": 8, "object_id": "32", "object_repr": "122", "action_flag": 3, "change_message": ""}}, {"model": "admin.logentry", "pk": 36, "fields": {"action_time": "2022-05-11T19:39:32.355Z", "user": 1, "content_type": 8, "object_id": "42", "object_repr": "dff", "action_flag": 3, "change_message": ""}}, {"model": "admin.logentry", "pk": 37, "fields": {"action_time": "2022-05-11T19:39:32.363Z", "user": 1, "content_type": 8, "object_id": "41", "object_repr": "dfgdf", "action_flag": 3, "change_message": ""}}, {"model": "admin.logentry", "pk": 38, "fields": {"action_time": "2022-05-11T19:39:32.371Z", "user": 1, "content_type": 8, "object_id": "40", "object_repr": "iiuu", "action_flag": 3, "change_message": ""}}, {"model": "admin.logentry", "pk": 39, "fields": {"action_time": "2022-05-11T19:39:32.377Z", "user": 1, "content_type": 8, "object_id": "39", "object_repr": "kkjljl", "action_flag": 3, "change_message": ""}}, {"model": "admin.logentry", "pk": 40, "fields": {"action_time": "2022-05-11T19:39:32.383Z", "user": 1, "content_type": 8, "object_id": "38", "object_repr": "sdf44444", "action_flag": 3, "change_message": ""}}, {"model": "admin.logentry", "pk": 41, "fields": {"action_time": "2022-05-11T19:39:32.389Z", "user": 1, "content_type": 8, "object_id": "37", "object_repr": "sdvv", "action_flag": 3, "change_message": ""}}, {"model": "admin.logentry", "pk": 42, "fields": {"action_time": "2022-05-11T19:39:32.395Z", "user": 1, "content_type": 8, "object_id": "36", "object_repr": "sdf", "action_flag": 3, "change_message": ""}}, {"model": "admin.logentry", "pk": 43, "fields": {"action_time": "2022-05-11T19:39:32.403Z", "user": 1, "content_type": 8, "object_id": "35", "object_repr": "2dd", "action_flag": 3, "change_message": ""}}, {"model": "admin.logentry", "pk": 44, "fields": {"action_time": "2022-05-11T19:39:32.410Z", "user": 1, "content_type": 8, "object_id": "34", "object_repr": "qwsddf", "action_flag": 3, "change_message": ""}}, {"model": "admin.logentry", "pk": 45, "fields": {"action_time": "2022-05-11T19:39:32.419Z", "user": 1, "content_type": 8, "object_id": "33", "object_repr": "qwsd", "action_flag": 3, "change_message": ""}}, {"model": "admin.logentry", "pk": 46, "fields": {"action_time": "2022-05-11T19:54:26.002Z", "user": 1, "content_type": 8, "object_id": "46", "object_repr": "ddddddddddddddd", "action_flag": 3, "change_message": ""}}, {"model": "admin.logentry", "pk": 47, "fields": {"action_time": "2022-05-11T19:54:26.010Z", "user": 1, "content_type": 8, "object_id": "45", "object_repr": "ddssdsd11", "action_flag": 3, "change_message": ""}}, {"model": "admin.logentry", "pk": 48, "fields": {"action_time": "2022-05-11T19:54:26.018Z", "user": 1, "content_type": 8, "object_id": "44", "object_repr": "vfdf", "action_flag": 3, "change_message": ""}}, {"model": "admin.logentry", "pk": 49, "fields": {"action_time": "2022-05-11T19:54:26.026Z", "user": 1, "content_type": 8, "object_id": "43", "object_repr": "eeee", "action_flag": 3, "change_message": ""}}, {"model": "admin.logentry", "pk": 50, "fields": {"action_time": "2022-05-11T19:56:10.778Z", "user": 1, "content_type": 8, "object_id": "49", "object_repr": "vfd", "action_flag": 3, "change_message": ""}}, {"model": "admin.logentry", "pk": 51, "fields": {"action_time": "2022-05-11T19:56:10.787Z", "user": 1, "content_type": 8, "object_id": "48", "object_repr": "dsd", "action_flag": 3, "change_message": ""}}, {"model": "admin.logentry", "pk": 52, "fields": {"action_time": "2022-05-11T19:56:10.795Z", "user": 1, "content_type": 8, "object_id": "47", "object_repr": "666665", "action_flag": 3, "change_message": ""}}, {"model": "admin.logentry", "pk": 53, "fields": {"action_time": "2022-05-11T19:58:06.360Z", "user": 1, "content_type": 8, "object_id": "50", "object_repr": "vfd", "action_flag": 3, "change_message": ""}}, {"model": "admin.logentry", "pk": 54, "fields": {"action_time": "2022-05-11T20:07:08.229Z", "user": 1, "content_type": 8, "object_id": "54", "object_repr": "рпапр", "action_flag": 3, "change_message": ""}}, {"model": "admin.logentry", "pk": 55, "fields": {"action_time": "2022-05-11T20:07:08.238Z", "user": 1, "content_type": 8, "object_id": "53", "object_repr": "6654", "action_flag": 3, "change_message": ""}}, {"model": "admin.logentry", "pk": 56, "fields": {"action_time": "2022-05-11T20:07:08.246Z", "user": 1, "content_type": 8, "object_id": "52", "object_repr": "vd2fddd", "action_flag": 3, "change_message": ""}}, {"model": "admin.logentry", "pk": 57, "fields": {"action_time": "2022-05-11T20:07:08.252Z", "user": 1, "content_type": 8, "object_id": "51", "object_repr": "vd2fd", "action_flag": 3, "change_message": ""}}, {"model": "admin.logentry", "pk": 58, "fields": {"action_time": "2022-05-11T20:08:25.524Z", "user": 1, "content_type": 8, "object_id": "55", "object_repr": "66543", "action_flag": 3, "change_message": ""}}, {"model": "admin.logentry", "pk": 59, "fields": {"action_time": "2022-05-12T17:45:10.850Z", "user": 1, "content_type": 8, "object_id": "59", "object_repr": "1dd", "action_flag": 3, "change_message": ""}}, {"model": "admin.logentry", "pk": 60, "fields": {"action_time": "2022-05-12T17:45:10.862Z", "user": 1, "content_type": 8, "object_id": "58", "object_repr": "uuy", "action_flag": 3, "change_message": ""}}, {"model": "admin.logentry", "pk": 61, "fields": {"action_time": "2022-05-12T17:45:10.870Z", "user": 1, "content_type": 8, "object_id": "57", "object_repr": "olio", "action_flag": 3, "change_message": ""}}, {"model": "admin.logentry", "pk": 62, "fields": {"action_time": "2022-05-12T17:45:10.877Z", "user": 1, "content_type": 8, "object_id": "56", "object_repr": "6н65", "action_flag": 3, "change_message": ""}}, {"model": "admin.logentry", "pk": 63, "fields": {"action_time": "2022-05-12T18:35:36.617Z", "user": 1, "content_type": 8, "object_id": "63", "object_repr": "ссм", "action_flag": 3, "change_message": ""}}, {"model": "admin.logentry", "pk": 64, "fields": {"action_time": "2022-05-12T18:35:36.622Z", "user": 1, "content_type": 8, "object_id": "62", "object_repr": "пп", "action_flag": 3, "change_message": ""}}, {"model": "admin.logentry", "pk": 65, "fields": {"action_time": "2022-05-12T18:35:36.628Z", "user": 1, "content_type": 8, "object_id": "61", "object_repr": "ggdfd", "action_flag": 3, "change_message": ""}}, {"model": "admin.logentry", "pk": 66, "fields": {"action_time": "2022-05-12T18:35:36.634Z", "user": 1, "content_type": 8, "object_id": "60", "object_repr": "ggf", "action_flag": 3, "change_message": ""}}, {"model": "admin.logentry", "pk": 67, "fields": {"action_time": "2022-05-12T19:02:55.068Z", "user": 1, "content_type": 8, "object_id": "65", "object_repr": "dd", "action_flag": 3, "change_message": ""}}, {"model": "admin.logentry", "pk": 68, "fields": {"action_time": "2022-05-12T19:02:55.075Z", "user": 1, "content_type": 8, "object_id": "64", "object_repr": "чсчм", "action_flag": 3, "change_message": ""}}, {"model": "admin.logentry", "pk": 69, "fields": {"action_time": "2022-05-13T07:52:01.222Z", "user": 1, "content_type": 8, "object_id": "66", "object_repr": "test 002", "action_flag": 3, "change_message": ""}}, {"model": "admin.logentry", "pk": 70, "fields": {"action_time": "2022-05-13T08:32:28.049Z", "user": 1, "content_type": 8, "object_id": "67", "object_repr": "test 002", "action_flag": 3, "change_message": ""}}, {"model": "admin.logentry", "pk": 71, "fields": {"action_time": "2022-05-13T08:33:48.135Z", "user": 1, "content_type": 8, "object_id": "68", "object_repr": "fdff", "action_flag": 3, "change_message": ""}}, {"model": "admin.logentry", "pk": 72, "fields": {"action_time": "2022-05-13T09:13:43.772Z", "user": 1, "content_type": 8, "object_id": "72", "object_repr": "dsdsss2", "action_flag": 3, "change_message": ""}}, {"model": "admin.logentry", "pk": 73, "fields": {"action_time": "2022-05-13T09:13:43.778Z", "user": 1, "content_type": 8, "object_id": "70", "object_repr": "frff", "action_flag": 3, "change_message": ""}}, {"model": "admin.logentry", "pk": 74, "fields": {"action_time": "2022-05-13T09:13:43.783Z", "user": 1, "content_type": 8, "object_id": "69", "object_repr": "dd", "action_flag": 3, "change_message": ""}}, {"model": "admin.logentry", "pk": 75, "fields": {"action_time": "2022-05-13T09:13:49.864Z", "user": 1, "content_type": 8, "object_id": "71", "object_repr": "dsdsss", "action_flag": 3, "change_message": ""}}, {"model": "admin.logentry", "pk": 76, "fields": {"action_time": "2022-05-13T09:20:52.738Z", "user": 1, "content_type": 10, "object_id": "2", "object_repr": "223-ФЗ", "action_flag": 1, "change_message": "[{\"added\": {}}]"}}, {"model": "admin.logentry", "pk": 77, "fields": {"action_time": "2022-05-13T18:53:11.493Z", "user": 1, "content_type": 8, "object_id": "76", "object_repr": "no files", "action_flag": 3, "change_message": ""}}, {"model": "admin.logentry", "pk": 78, "fields": {"action_time": "2022-05-13T18:59:17.241Z", "user": 1, "content_type": 8, "object_id": "78", "object_repr": "111", "action_flag": 3, "change_message": ""}}, {"model": "admin.logentry", "pk": 79, "fields": {"action_time": "2022-05-13T18:59:17.249Z", "user": 1, "content_type": 8, "object_id": "77", "object_repr": "no file", "action_flag": 3, "change_message": ""}}, {"model": "admin.logentry", "pk": 80, "fields": {"action_time": "2022-05-13T18:59:17.256Z", "user": 1, "content_type": 8, "object_id": "75", "object_repr": "ggr", "action_flag": 3, "change_message": ""}}, {"model": "admin.logentry", "pk": 81, "fields": {"action_time": "2022-05-13T18:59:17.263Z", "user": 1, "content_type": 8, "object_id": "74", "object_repr": "gg", "action_flag": 3, "change_message": ""}}, {"model": "admin.logentry", "pk": 82, "fields": {"action_time": "2022-05-14T19:07:11.894Z", "user": 1, "content_type": 10, "object_id": "2", "object_repr": "ФЗ №223-ФЗ \"О закупках товаров, работ, услуг отдельными видами юридических лиц\"", "action_flag": 2, "change_message": "[{\"changed\": {\"fields\": [\"\\u0417\\u0430\\u043a\\u043e\\u043d\"]}}]"}}, {"model": "admin.logentry", "pk": 83, "fields": {"action_time": "2022-05-14T19:07:25.934Z", "user": 1, "content_type": 10, "object_id": "1", "object_repr": "ФЗ №44-ФЗ \"О контрактной системе в сфере закупок товаров, работ, услуг для обеспечения государственных и муниципальных нужд\"", "action_flag": 2, "change_message": "[{\"changed\": {\"fields\": [\"\\u0417\\u0430\\u043a\\u043e\\u043d\"]}}]"}}, {"model": "admin.logentry", "pk": 84, "fields": {"action_time": "2022-05-14T19:09:21.805Z", "user": 1, "content_type": 10, "object_id": "3", "object_repr": "ФЗ №135-ФЗ \"О защите конкуренции\"", "action_flag": 1, "change_message": "[{\"added\": {}}]"}}, {"model": "admin.logentry", "pk": 85, "fields": {"action_time": "2022-05-14T19:09:33.705Z", "user": 1, "content_type": 10, "object_id": "4", "object_repr": "ФЗ №147-ФЗ \"О естественных монополиях\"", "action_flag": 1, "change_message": "[{\"added\": {}}]"}}, {"model": "admin.logentry", "pk": 86, "fields": {"action_time": "2022-05-14T19:09:47.370Z", "user": 1, "content_type": 10, "object_id": "5", "object_repr": "ФЗ №381-ФЗ \"Об основах государственного регулирования торговой деятельности в Российской Федерации\"", "action_flag": 1, "change_message": "[{\"added\": {}}]"}}, {"model": "admin.logentry", "pk": 87, "fields": {"action_time": "2022-05-14T19:09:59.463Z", "user": 1, "content_type": 10, "object_id": "6", "object_repr": "ФЗ №38-ФЗ \"О рекламе\"", "action_flag": 1, "change_message": "[{\"added\": {}}]"}}, {"model": "admin.logentry", "pk": 88, "fields": {"action_time": "2022-05-14T19:10:14.557Z", "user": 1, "content_type": 10, "object_id": "7", "object_repr": "Прочее", "action_flag": 1, "change_message": "[{\"added\": {}}]"}}, {"model": "admin.logentry", "pk": 89, "fields": {"action_time": "2022-05-15T16:35:04.051Z", "user": 1, "content_type": 8, "object_id": "83", "object_repr": "Test 0/1/2", "action_flag": 2, "change_message": "[{\"changed\": {\"fields\": [\"\\u0417\\u0430\\u043a\\u043e\\u043d\"]}}]"}}, {"model": "admin.logentry", "pk": 90, "fields": {"action_time": "2022-05-16T12:11:56.601Z", "user": 1, "content_type": 8, "object_id": "85", "object_repr": "Все расширения", "action_flag": 3, "change_message": ""}}, {"model": "admin.logentry", "pk": 91, "fields": {"action_time": "2022-05-16T12:12:04.731Z", "user": 1, "content_type": 7, "object_id": "4", "object_repr": "newcat", "action_flag": 3, "change_message": ""}}, {"model": "admin.logentry", "pk": 92, "fields": {"action_time": "2022-05-16T12:14:06.561Z", "user": 1, "content_type": 8, "object_id": "86", "object_repr": "Все расширения", "action_flag": 3, "change_message": ""}}, {"model": "admin.logentry", "pk": 93, "fields": {"action_time": "2022-05-20T19:16:17.528Z", "user": 1, "content_type": 8, "object_id": "6", "object_repr": "Тестовый документ 002", "action_flag": 2, "change_message": "[{\"changed\": {\"fields\": [\"\\u0422\\u0435\\u043a\\u0441\\u0442\"]}}]"}}, {"model": "admin.logentry", "pk": 94, "fields": {"action_time": "2022-05-20T19:16:30.492Z", "user": 1, "content_type": 8, "object_id": "73", "object_repr": "Тест документ 003", "action_flag": 2, "change_message": "[{\"changed\": {\"fields\": [\"\\u0422\\u0435\\u043a\\u0441\\u0442\"]}}]"}}, {"model": "admin.logentry", "pk": 95, "fields": {"action_time": "2022-05-20T19:16:36.030Z", "user": 1, "content_type": 8, "object_id": "88", "object_repr": "No file", "action_flag": 2, "change_message": "[{\"changed\": {\"fields\": [\"\\u0422\\u0435\\u043a\\u0441\\u0442\"]}}]"}}, {"model": "admin.logentry", "pk": 96, "fields": {"action_time": "2022-05-20T19:16:43.536Z", "user": 1, "content_type": 8, "object_id": "88", "object_repr": "No file", "action_flag": 2, "change_message": "[{\"changed\": {\"fields\": [\"\\u0422\\u0435\\u043a\\u0441\\u0442\"]}}]"}}, {"model": "admin.logentry", "pk": 97, "fields": {"action_time": "2022-05-20T19:18:38.724Z", "user": 1, "content_type": 11, "object_id": "139", "object_repr": "dsfffsd", "action_flag": 1, "change_message": "[{\"added\": {}}]"}}, {"model": "admin.logentry", "pk": 98, "fields": {"action_time": "2022-05-22T18:25:42.877Z", "user": 1, "content_type": 8, "object_id": "89", "object_repr": "Все файлы", "action_flag": 2, "change_message": "[{\"changed\": {\"fields\": [\"\\u0422\\u0435\\u043a\\u0441\\u0442\"]}}]"}}, {"model": "admin.logentry", "pk": 99, "fields": {"action_time": "2022-05-22T18:25:52.609Z", "user": 1, "content_type": 8, "object_id": "88", "object_repr": "No file", "action_flag": 2, "change_message": "[{\"changed\": {\"fields\": [\"\\u0422\\u0435\\u043a\\u0441\\u0442\"]}}]"}}, {"model": "admin.logentry", "pk": 100, "fields": {"action_time": "2022-05-22T18:26:52.567Z", "user": 1, "content_type": 7, "object_id": "1", "object_repr": "Антимонопольное законодательство", "action_flag": 2, "change_message": "[{\"changed\": {\"fields\": [\"\\u041a\\u0430\\u0442\\u0435\\u0433\\u043e\\u0440\\u0438\\u044f\"]}}]"}}, {"model": "admin.logentry", "pk": 101, "fields": {"action_time": "2022-05-22T18:27:08.294Z", "user": 1, "content_type": 7, "object_id": "1", "object_repr": "ФАС", "action_flag": 2, "change_message": "[{\"changed\": {\"fields\": [\"\\u041a\\u0430\\u0442\\u0435\\u0433\\u043e\\u0440\\u0438\\u044f\"]}}]"}}, {"model": "admin.logentry", "pk": 102, "fields": {"action_time": "2022-05-22T19:17:17.385Z", "user": 1, "content_type": 11, "object_id": "140", "object_repr": "Все расширения", "action_flag": 1, "change_message": "[{\"added\": {}}]"}}, {"model": "admin.logentry", "pk": 103, "fields": {"action_time": "2022-05-22T19:25:57.031Z", "user": 1, "content_type": 8, "object_id": "87", "object_repr": "Все расширения", "action_flag": 2, "change_message": "[{\"changed\": {\"fields\": [\"\\u0422\\u0435\\u043a\\u0441\\u0442\"]}}]"}}, {"model": "admin.logentry", "pk": 104, "fields": {"action_time": "2022-05-22T19:27:33.235Z", "user": 1, "content_type": 8, "object_id": "87", "object_repr": "Все расширения", "action_flag": 2, "change_message": "[{\"changed\": {\"fields\": [\"\\u0422\\u0435\\u043a\\u0441\\u0442\"]}}]"}}, {"model": "admin.logentry", "pk": 105, "fields": {"action_time": "2022-06-06T20:03:36.365Z", "user": 1, "content_type": 8, "object_id": "91", "object_repr": "222", "action_flag": 3, "change_message": ""}}, {"model": "admin.logentry", "pk": 106, "fields": {"action_time": "2022-06-06T20:03:36.374Z", "user": 1, "content_type": 8, "object_id": "90", "object_repr": "111", "action_flag": 3, "change_message": ""}}, {"model": "admin.logentry", "pk": 107, "fields": {"action_time": "2022-06-06T20:05:11.468Z", "user": 1, "content_type": 8, "object_id": "93", "object_repr": "222", "action_flag": 3, "change_message": ""}}, {"model": "admin.logentry", "pk": 108, "fields": {"action_time": "2022-06-06T20:05:11.474Z", "user": 1, "content_type": 8, "object_id": "92", "object_repr": "111", "action_flag": 3, "change_message": ""}}, {"model": "admin.logentry", "pk": 109, "fields": {"action_time": "2022-06-06T20:06:07.531Z", "user": 1, "content_type": 8, "object_id": "94", "object_repr": "222", "action_flag": 3, "change_message": ""}}, {"model": "admin.logentry", "pk": 110, "fields": {"action_time": "2022-06-06T20:08:37.864Z", "user": 1, "content_type": 8, "object_id": "95", "object_repr": "111", "action_flag": 3, "change_message": ""}}, {"model": "admin.logentry", "pk": 111, "fields": {"action_time": "2022-06-06T20:09:56.118Z", "user": 1, "content_type": 8, "object_id": "96", "object_repr": "1112", "action_flag": 3, "change_message": ""}}, {"model": "admin.logentry", "pk": 112, "fields": {"action_time": "2022-06-06T20:33:31.363Z", "user": 1, "content_type": 8, "object_id": "100", "object_repr": "1211", "action_flag": 3, "change_message": ""}}, {"model": "admin.logentry", "pk": 113, "fields": {"action_time": "2022-06-06T20:33:31.372Z", "user": 1, "content_type": 8, "object_id": "99", "object_repr": "fdf1", "action_flag": 3, "change_message": ""}}, {"model": "admin.logentry", "pk": 114, "fields": {"action_time": "2022-06-06T20:33:31.379Z", "user": 1, "content_type": 8, "object_id": "98", "object_repr": "f222", "action_flag": 3, "change_message": ""}}, {"model": "admin.logentry", "pk": 115, "fields": {"action_time": "2022-06-06T20:33:31.386Z", "user": 1, "content_type": 8, "object_id": "97", "object_repr": "112", "action_flag": 3, "change_message": ""}}, {"model": "admin.logentry", "pk": 116, "fields": {"action_time": "2022-06-06T20:45:03.020Z", "user": 1, "content_type": 8, "object_id": "102", "object_repr": "dd1", "action_flag": 3, "change_message": ""}}, {"model": "admin.logentry", "pk": 117, "fields": {"action_time": "2022-06-06T20:45:03.029Z", "user": 1, "content_type": 8, "object_id": "101", "object_repr": "121112d", "action_flag": 3, "change_message": ""}}, {"model": "admin.logentry", "pk": 118, "fields": {"action_time": "2022-06-06T20:52:21.729Z", "user": 1, "content_type": 8, "object_id": "107", "object_repr": "443dss", "action_flag": 3, "change_message": ""}}, {"model": "admin.logentry", "pk": 119, "fields": {"action_time": "2022-06-06T20:52:21.735Z", "user": 1, "content_type": 8, "object_id": "106", "object_repr": "431s", "action_flag": 3, "change_message": ""}}, {"model": "admin.logentry", "pk": 120, "fields": {"action_time": "2022-06-06T20:52:21.743Z", "user": 1, "content_type": 8, "object_id": "105", "object_repr": "544", "action_flag": 3, "change_message": ""}}, {"model": "admin.logentry", "pk": 121, "fields": {"action_time": "2022-06-06T20:52:21.750Z", "user": 1, "content_type": 8, "object_id": "104", "object_repr": "1121", "action_flag": 3, "change_message": ""}}, {"model": "admin.logentry", "pk": 122, "fields": {"action_time": "2022-06-06T20:52:21.759Z", "user": 1, "content_type": 8, "object_id": "103", "object_repr": "321", "action_flag": 3, "change_message": ""}}, {"model": "admin.logentry", "pk": 123, "fields": {"action_time": "2022-06-07T18:36:53.369Z", "user": 1, "content_type": 8, "object_id": "116", "object_repr": "df3", "action_flag": 3, "change_message": ""}}, {"model": "admin.logentry", "pk": 124, "fields": {"action_time": "2022-06-07T18:36:53.382Z", "user": 1, "content_type": 8, "object_id": "115", "object_repr": "ww2", "action_flag": 3, "change_message": ""}}, {"model": "admin.logentry", "pk": 125, "fields": {"action_time": "2022-06-07T18:36:53.392Z", "user": 1, "content_type": 8, "object_id": "114", "object_repr": "d5554", "action_flag": 3, "change_message": ""}}, {"model": "admin.logentry", "pk": 126, "fields": {"action_time": "2022-06-07T18:36:53.399Z", "user": 1, "content_type": 8, "object_id": "113", "object_repr": "fdgfg234", "action_flag": 3, "change_message": ""}}, {"model": "admin.logentry", "pk": 127, "fields": {"action_time": "2022-06-07T18:36:53.407Z", "user": 1, "content_type": 8, "object_id": "112", "object_repr": "fdgd22", "action_flag": 3, "change_message": ""}}, {"model": "admin.logentry", "pk": 128, "fields": {"action_time": "2022-06-07T18:36:53.413Z", "user": 1, "content_type": 8, "object_id": "111", "object_repr": "cd1", "action_flag": 3, "change_message": ""}}, {"model": "admin.logentry", "pk": 129, "fields": {"action_time": "2022-06-07T18:36:53.422Z", "user": 1, "content_type": 8, "object_id": "110", "object_repr": "y674", "action_flag": 3, "change_message": ""}}, {"model": "admin.logentry", "pk": 130, "fields": {"action_time": "2022-06-07T18:36:53.429Z", "user": 1, "content_type": 8, "object_id": "109", "object_repr": "32d", "action_flag": 3, "change_message": ""}}, {"model": "admin.logentry", "pk": 131, "fields": {"action_time": "2022-06-07T18:36:53.437Z", "user": 1, "content_type": 8, "object_id": "108", "object_repr": "vf1w", "action_flag": 3, "change_message": ""}}, {"model": "admin.logentry", "pk": 132, "fields": {"action_time": "2022-06-07T18:44:16.321Z", "user": 1, "content_type": 8, "object_id": "122", "object_repr": "cf", "action_flag": 3, "change_message": ""}}, {"model": "admin.logentry", "pk": 133, "fields": {"action_time": "2022-06-07T18:44:16.330Z", "user": 1, "content_type": 8, "object_id": "121", "object_repr": "121s", "action_flag": 3, "change_message": ""}}, {"model": "admin.logentry", "pk": 134, "fields": {"action_time": "2022-06-07T18:44:16.338Z", "user": 1, "content_type": 8, "object_id": "120", "object_repr": "fdgg", "action_flag": 3, "change_message": ""}}, {"model": "admin.logentry", "pk": 135, "fields": {"action_time": "2022-06-07T18:44:16.345Z", "user": 1, "content_type": 8, "object_id": "119", "object_repr": "vfgd", "action_flag": 3, "change_message": ""}}, {"model": "admin.logentry", "pk": 136, "fields": {"action_time": "2022-06-07T18:44:16.353Z", "user": 1, "content_type": 8, "object_id": "118", "object_repr": "ggf", "action_flag": 3, "change_message": ""}}, {"model": "admin.logentry", "pk": 137, "fields": {"action_time": "2022-06-07T18:44:16.361Z", "user": 1, "content_type": 8, "object_id": "117", "object_repr": "332", "action_flag": 3, "change_message": ""}}, {"model": "admin.logentry", "pk": 138, "fields": {"action_time": "2022-06-07T19:24:07.851Z", "user": 1, "content_type": 8, "object_id": "133", "object_repr": "hjf", "action_flag": 3, "change_message": ""}}, {"model": "admin.logentry", "pk": 139, "fields": {"action_time": "2022-06-07T19:24:07.863Z", "user": 1, "content_type": 8, "object_id": "132", "object_repr": "g76", "action_flag": 3, "change_message": ""}}, {"model": "admin.logentry", "pk": 140, "fields": {"action_time": "2022-06-07T19:24:07.870Z", "user": 1, "content_type": 8, "object_id": "131", "object_repr": "vfg23e", "action_flag": 3, "change_message": ""}}, {"model": "admin.logentry", "pk": 141, "fields": {"action_time": "2022-06-07T19:24:07.877Z", "user": 1, "content_type": 8, "object_id": "130", "object_repr": "dfgfg", "action_flag": 3, "change_message": ""}}, {"model": "admin.logentry", "pk": 142, "fields": {"action_time": "2022-06-07T19:24:07.885Z", "user": 1, "content_type": 8, "object_id": "129", "object_repr": "bgfh", "action_flag": 3, "change_message": ""}}, {"model": "admin.logentry", "pk": 143, "fields": {"action_time": "2022-06-07T19:24:07.892Z", "user": 1, "content_type": 8, "object_id": "128", "object_repr": "gfgvdd", "action_flag": 3, "change_message": ""}}, {"model": "admin.logentry", "pk": 144, "fields": {"action_time": "2022-06-07T19:24:07.899Z", "user": 1, "content_type": 8, "object_id": "127", "object_repr": "gfe", "action_flag": 3, "change_message": ""}}, {"model": "admin.logentry", "pk": 145, "fields": {"action_time": "2022-06-07T19:24:07.906Z", "user": 1, "content_type": 8, "object_id": "126", "object_repr": "65gf", "action_flag": 3, "change_message": ""}}, {"model": "admin.logentry", "pk": 146, "fields": {"action_time": "2022-06-07T19:24:07.916Z", "user": 1, "content_type": 8, "object_id": "125", "object_repr": "fdfg322", "action_flag": 3, "change_message": ""}}, {"model": "admin.logentry", "pk": 147, "fields": {"action_time": "2022-06-07T19:24:07.926Z", "user": 1, "content_type": 8, "object_id": "124", "object_repr": "fr32", "action_flag": 3, "change_message": ""}}, {"model": "admin.logentry", "pk": 148, "fields": {"action_time": "2022-06-07T19:24:07.938Z", "user": 1, "content_type": 8, "object_id": "123", "object_repr": "fdg5", "action_flag": 3, "change_message": ""}}, {"model": "admin.logentry", "pk": 149, "fields": {"action_time": "2022-06-07T19:24:45.781Z", "user": 1, "content_type": 8, "object_id": "134", "object_repr": "fdggvf1111111", "action_flag": 3, "change_message": ""}}, {"model": "admin.logentry", "pk": 150, "fields": {"action_time": "2022-06-07T19:41:32.433Z", "user": 1, "content_type": 8, "object_id": "141", "object_repr": "yhg", "action_flag": 3, "change_message": ""}}, {"model": "admin.logentry", "pk": 151, "fields": {"action_time": "2022-06-07T19:41:32.442Z", "user": 1, "content_type": 8, "object_id": "140", "object_repr": "76t", "action_flag": 3, "change_message": ""}}, {"model": "admin.logentry", "pk": 152, "fields": {"action_time": "2022-06-07T19:41:32.452Z", "user": 1, "content_type": 8, "object_id": "139", "object_repr": "09", "action_flag": 3, "change_message": ""}}, {"model": "admin.logentry", "pk": 153, "fields": {"action_time": "2022-06-07T19:41:32.460Z", "user": 1, "content_type": 8, "object_id": "138", "object_repr": "76ef", "action_flag": 3, "change_message": ""}}, {"model": "admin.logentry", "pk": 154, "fields": {"action_time": "2022-06-07T19:41:32.469Z", "user": 1, "content_type": 8, "object_id": "137", "object_repr": "fvdffddd", "action_flag": 3, "change_message": ""}}, {"model": "admin.logentry", "pk": 155, "fields": {"action_time": "2022-06-07T19:41:32.480Z", "user": 1, "content_type": 8, "object_id": "136", "object_repr": "fvd", "action_flag": 3, "change_message": ""}}, {"model": "admin.logentry", "pk": 156, "fields": {"action_time": "2022-06-07T19:41:32.489Z", "user": 1, "content_type": 8, "object_id": "135", "object_repr": "fdf2321", "action_flag": 3, "change_message": ""}}, {"model": "admin.logentry", "pk": 157, "fields": {"action_time": "2022-06-08T20:25:58.827Z", "user": 1, "content_type": 11, "object_id": "238", "object_repr": "hghgbv", "action_flag": 3, "change_message": ""}}, {"model": "admin.logentry", "pk": 158, "fields": {"action_time": "2022-06-08T20:25:58.837Z", "user": 1, "content_type": 11, "object_id": "237", "object_repr": "hghgbv", "action_flag": 3, "change_message": ""}}, {"model": "admin.logentry", "pk": 159, "fields": {"action_time": "2022-06-08T20:25:58.846Z", "user": 1, "content_type": 11, "object_id": "236", "object_repr": "hghgbv", "action_flag": 3, "change_message": ""}}, {"model": "admin.logentry", "pk": 160, "fields": {"action_time": "2022-06-08T20:25:58.856Z", "user": 1, "content_type": 11, "object_id": "235", "object_repr": "hghgbv", "action_flag": 3, "change_message": ""}}, {"model": "admin.logentry", "pk": 161, "fields": {"action_time": "2022-06-08T20:25:58.866Z", "user": 1, "content_type": 11, "object_id": "234", "object_repr": "hghgbv", "action_flag": 3, "change_message": ""}}, {"model": "admin.logentry", "pk": 162, "fields": {"action_time": "2022-06-08T20:25:58.872Z", "user": 1, "content_type": 11, "object_id": "233", "object_repr": "hghgbv", "action_flag": 3, "change_message": ""}}, {"model": "admin.logentry", "pk": 163, "fields": {"action_time": "2022-06-14T20:08:25.179Z", "user": 1, "content_type": 8, "object_id": "5", "object_repr": "Тестовый документ 001", "action_flag": 2, "change_message": "[{\"changed\": {\"fields\": [\"\\u041a\\u0430\\u0442\\u0435\\u0433\\u043e\\u0440\\u0438\\u044f\"]}}]"}}, {"model": "admin.logentry", "pk": 164, "fields": {"action_time": "2022-06-29T09:44:35.157Z", "user": 1, "content_type": 4, "object_id": "2", "object_repr": "test", "action_flag": 1, "change_message": "[{\"added\": {}}]"}}, {"model": "admin.logentry", "pk": 165, "fields": {"action_time": "2022-06-29T09:44:58.283Z", "user": 1, "content_type": 4, "object_id": "2", "object_repr": "test", "action_flag": 2, "change_message": "[{\"changed\": {\"fields\": [\"First name\"]}}]"}}, {"model": "admin.logentry", "pk": 166, "fields": {"action_time": "2022-06-29T09:45:39.897Z", "user": 1, "content_type": 4, "object_id": "2", "object_repr": "test", "action_flag": 2, "change_message": "[{\"changed\": {\"fields\": [\"Last name\"]}}]"}}, {"model": "admin.logentry", "pk": 167, "fields": {"action_time": "2022-06-29T11:16:04.814Z", "user": 1, "content_type": 8, "object_id": "159", "object_repr": "df11122", "action_flag": 2, "change_message": "[]"}}, {"model": "admin.logentry", "pk": 168, "fields": {"action_time": "2022-06-29T11:19:46.822Z", "user": 1, "content_type": 11, "object_id": "260", "object_repr": "df11122fd", "action_flag": 1, "change_message": "[{\"added\": {}}]"}}, {"model": "admin.logentry", "pk": 169, "fields": {"action_time": "2022-06-29T11:20:29.059Z", "user": 1, "content_type": 11, "object_id": "261", "object_repr": "df11122fd", "action_flag": 1, "change_message": "[{\"added\": {}}]"}}, {"model": "admin.logentry", "pk": 170, "fields": {"action_time": "2022-06-29T11:21:11.872Z", "user": 1, "content_type": 11, "object_id": "261", "object_repr": "df11122fd", "action_flag": 2, "change_message": "[{\"changed\": {\"fields\": [\"\\u0412\\u043b\\u043e\\u0436\\u0435\\u043d\\u0438\\u044f\"]}}]"}}, {"model": "admin.logentry", "pk": 171, "fields": {"action_time": "2022-06-29T11:21:48.828Z", "user": 1, "content_type": 11, "object_id": "261", "object_repr": "df11122fd", "action_flag": 2, "change_message": "[{\"changed\": {\"fields\": [\"\\u0412\\u043b\\u043e\\u0436\\u0435\\u043d\\u0438\\u044f\"]}}]"}}, {"model": "admin.logentry", "pk": 172, "fields": {"action_time": "2022-06-29T11:22:40.868Z", "user": 1, "content_type": 11, "object_id": "261", "object_repr": "df11122fd", "action_flag": 2, "change_message": "[{\"changed\": {\"fields\": [\"\\u0412\\u043b\\u043e\\u0436\\u0435\\u043d\\u0438\\u044f\"]}}]"}}, {"model": "admin.logentry", "pk": 173, "fields": {"action_time": "2022-06-29T11:22:51.793Z", "user": 1, "content_type": 11, "object_id": "261", "object_repr": "df11122fd", "action_flag": 2, "change_message": "[{\"changed\": {\"fields\": [\"\\u0412\\u043b\\u043e\\u0436\\u0435\\u043d\\u0438\\u044f\"]}}]"}}, {"model": "admin.logentry", "pk": 174, "fields": {"action_time": "2022-06-29T11:27:47.965Z", "user": 1, "content_type": 11, "object_id": "261", "object_repr": "df11122fd", "action_flag": 2, "change_message": "[{\"changed\": {\"fields\": [\"\\u0412\\u043b\\u043e\\u0436\\u0435\\u043d\\u0438\\u044f\"]}}]"}}, {"model": "admin.logentry", "pk": 175, "fields": {"action_time": "2022-06-29T11:31:29.914Z", "user": 1, "content_type": 11, "object_id": "261", "object_repr": "df11122fd", "action_flag": 2, "change_message": "[{\"changed\": {\"fields\": [\"\\u0412\\u043b\\u043e\\u0436\\u0435\\u043d\\u0438\\u044f\"]}}]"}}, {"model": "admin.logentry", "pk": 176, "fields": {"action_time": "2022-06-29T11:32:46.944Z", "user": 1, "content_type": 11, "object_id": "261", "object_repr": "df11122fd", "action_flag": 2, "change_message": "[]"}}, {"model": "admin.logentry", "pk": 177, "fields": {"action_time": "2022-06-29T11:33:15.691Z", "user": 1, "content_type": 11, "object_id": "261", "object_repr": "df11122fd", "action_flag": 2, "change_message": "[]"}}, {"model": "admin.logentry", "pk": 178, "fields": {"action_time": "2022-06-29T11:33:35.185Z", "user": 1, "content_type": 11, "object_id": "261", "object_repr": "df11122fd", "action_flag": 2, "change_message": "[]"}}, {"model": "admin.logentry", "pk": 179, "fields": {"action_time": "2022-06-29T11:34:20.465Z", "user": 1, "content_type": 11, "object_id": "261", "object_repr": "df11122fd", "action_flag": 2, "change_message": "[]"}}, {"model": "admin.logentry", "pk": 180, "fields": {"action_time": "2022-06-29T11:34:33.766Z", "user": 1, "content_type": 11, "object_id": "261", "object_repr": "df11122fd", "action_flag": 2, "change_message": "[{\"changed\": {\"fields\": [\"\\u0412\\u043b\\u043e\\u0436\\u0435\\u043d\\u0438\\u044f\"]}}]"}}, {"model": "admin.logentry", "pk": 181, "fields": {"action_time": "2022-06-29T11:35:01.266Z", "user": 1, "content_type": 11, "object_id": "261", "object_repr": "df11122fd", "action_flag": 2, "change_message": "[]"}}, {"model": "admin.logentry", "pk": 182, "fields": {"action_time": "2022-06-29T11:35:16.964Z", "user": 1, "content_type": 11, "object_id": "261", "object_repr": "df11122fd", "action_flag": 2, "change_message": "[]"}}, {"model": "admin.logentry", "pk": 183, "fields": {"action_time": "2022-06-29T11:35:38.687Z", "user": 1, "content_type": 11, "object_id": "261", "object_repr": "df11122fd", "action_flag": 2, "change_message": "[{\"changed\": {\"fields\": [\"\\u0412\\u043b\\u043e\\u0436\\u0435\\u043d\\u0438\\u044f\"]}}]"}}, {"model": "admin.logentry", "pk": 184, "fields": {"action_time": "2022-06-29T11:36:05.137Z", "user": 1, "content_type": 11, "object_id": "261", "object_repr": "df11122fd", "action_flag": 2, "change_message": "[]"}}, {"model": "admin.logentry", "pk": 185, "fields": {"action_time": "2022-06-29T11:36:48.695Z", "user": 1, "content_type": 11, "object_id": "261", "object_repr": "df11122fd", "action_flag": 2, "change_message": "[]"}}, {"model": "admin.logentry", "pk": 186, "fields": {"action_time": "2022-06-29T11:38:24.942Z", "user": 1, "content_type": 11, "object_id": "261", "object_repr": "df11122fd", "action_flag": 2, "change_message": "[]"}}, {"model": "admin.logentry", "pk": 187, "fields": {"action_time": "2022-06-29T11:39:15.187Z", "user": 1, "content_type": 11, "object_id": "261", "object_repr": "df11122fd", "action_flag": 2, "change_message": "[]"}}, {"model": "admin.logentry", "pk": 188, "fields": {"action_time": "2022-06-29T11:40:39.889Z", "user": 1, "content_type": 11, "object_id": "261", "object_repr": "df11122fd", "action_flag": 2, "change_message": "[]"}}, {"model": "admin.logentry", "pk": 189, "fields": {"action_time": "2022-06-29T12:34:31.308Z", "user": 1, "content_type": 11, "object_id": "270", "object_repr": "sdfsdfs11sdfdfd001233", "action_flag": 3, "change_message": ""}}, {"model": "admin.logentry", "pk": 190, "fields": {"action_time": "2022-06-29T18:32:14.646Z", "user": 1, "content_type": 10, "object_id": "8", "object_repr": "59-ФЗ", "action_flag": 1, "change_message": "[{\"added\": {}}]"}}, {"model": "admin.logentry", "pk": 191, "fields": {"action_time": "2022-06-29T18:33:58.725Z", "user": 1, "content_type": 12, "object_id": "1", "object_repr": "Отдел антимонопольного контроля", "action_flag": 1, "change_message": "[{\"added\": {}}]"}}, {"model": "admin.logentry", "pk": 192, "fields": {"action_time": "2022-06-29T18:34:10.760Z", "user": 1, "content_type": 12, "object_id": "2", "object_repr": "Отдел естественных монополий", "action_flag": 1, "change_message": "[{\"added\": {}}]"}}, {"model": "admin.logentry", "pk": 193, "fields": {"action_time": "2022-06-29T18:34:20.610Z", "user": 1, "content_type": 12, "object_id": "3", "object_repr": "Отдел контроля закупок", "action_flag": 1, "change_message": "[{\"added\": {}}]"}}, {"model": "admin.logentry", "pk": 194, "fields": {"action_time": "2022-06-29T18:34:46.093Z", "user": 1, "content_type": 12, "object_id": "4", "object_repr": "Отдел товарных и финансовых рынков", "action_flag": 1, "change_message": "[{\"added\": {}}]"}}, {"model": "admin.logentry", "pk": 195, "fields": {"action_time": "2022-06-29T18:35:00.463Z", "user": 1, "content_type": 12, "object_id": "3", "object_repr": "Отдел контроля закупок", "action_flag": 2, "change_message": "[{\"changed\": {\"fields\": [\"\\u0421\\u0441\\u044b\\u043b\\u043a\\u0430\"]}}]"}}, {"model": "admin.logentry", "pk": 196, "fields": {"action_time": "2022-06-29T18:35:10.320Z", "user": 1, "content_type": 12, "object_id": "2", "object_repr": "Отдел естественных монополий", "action_flag": 2, "change_message": "[{\"changed\": {\"fields\": [\"\\u0421\\u0441\\u044b\\u043b\\u043a\\u0430\"]}}]"}}, {"model": "admin.logentry", "pk": 197, "fields": {"action_time": "2022-06-29T18:35:19.238Z", "user": 1, "content_type": 12, "object_id": "3", "object_repr": "Отдел контроля закупок", "action_flag": 2, "change_message": "[{\"changed\": {\"fields\": [\"\\u0421\\u0441\\u044b\\u043b\\u043a\\u0430\"]}}]"}}, {"model": "admin.logentry", "pk": 198, "fields": {"action_time": "2022-06-29T18:35:29.619Z", "user": 1, "content_type": 12, "object_id": "1", "object_repr": "Отдел антимонопольного контроля", "action_flag": 2, "change_message": "[{\"changed\": {\"fields\": [\"\\u0421\\u0441\\u044b\\u043b\\u043a\\u0430\"]}}]"}}, {"model": "admin.logentry", "pk": 199, "fields": {"action_time": "2022-06-29T19:07:01.418Z", "user": 1, "content_type": 8, "object_id": "162", "object_repr": "sdfsdfs11", "action_flag": 2, "change_message": "[{\"changed\": {\"fields\": [\"\\u041e\\u0442\\u0434\\u0435\\u043b\"]}}]"}}, {"model": "admin.logentry", "pk": 200, "fields": {"action_time": "2022-06-29T19:07:38.884Z", "user": 1, "content_type": 8, "object_id": "157", "object_repr": "hg", "action_flag": 2, "change_message": "[{\"changed\": {\"fields\": [\"\\u041e\\u0442\\u0434\\u0435\\u043b\"]}}]"}}, {"model": "admin.logentry", "pk": 201, "fields": {"action_time": "2022-06-29T19:07:48.726Z", "user": 1, "content_type": 8, "object_id": "154", "object_repr": "hjhj", "action_flag": 2, "change_message": "[{\"changed\": {\"fields\": [\"\\u041e\\u0442\\u0434\\u0435\\u043b\"]}}]"}}, {"model": "admin.logentry", "pk": 202, "fields": {"action_time": "2022-06-29T19:07:54.660Z", "user": 1, "content_type": 8, "object_id": "150", "object_repr": "иим рр", "action_flag": 2, "change_message": "[{\"changed\": {\"fields\": [\"\\u041e\\u0442\\u0434\\u0435\\u043b\"]}}]"}}, {"model": "admin.logentry", "pk": 203, "fields": {"action_time": "2022-06-29T19:08:02.021Z", "user": 1, "content_type": 8, "object_id": "149", "object_repr": "аааа", "action_flag": 2, "change_message": "[{\"changed\": {\"fields\": [\"\\u041e\\u0442\\u0434\\u0435\\u043b\", \"\\u0417\\u0430\\u043a\\u043e\\u043d\"]}}]"}}, {"model": "admin.logentry", "pk": 204, "fields": {"action_time": "2022-06-29T19:08:09.411Z", "user": 1, "content_type": 8, "object_id": "146", "object_repr": "пп рр оо лл", "action_flag": 2, "change_message": "[{\"changed\": {\"fields\": [\"\\u041e\\u0442\\u0434\\u0435\\u043b\", \"\\u0417\\u0430\\u043a\\u043e\\u043d\"]}}]"}}, {"model": "admin.logentry", "pk": 205, "fields": {"action_time": "2022-06-30T09:51:00.500Z", "user": 1, "content_type": 8, "object_id": "163", "object_repr": "sdfsdfs11sdfdfd001233", "action_flag": 2, "change_message": "[{\"changed\": {\"fields\": [\"\\u041e\\u0442\\u0434\\u0435\\u043b\"]}}]"}}, {"model": "admin.logentry", "pk": 206, "fields": {"action_time": "2022-06-30T09:56:15.771Z", "user": 1, "content_type": 14, "object_id": "1", "object_repr": "Архив", "action_flag": 1, "change_message": "[{\"added\": {}}]"}}, {"model": "admin.logentry", "pk": 207, "fields": {"action_time": "2022-06-30T09:56:29.083Z", "user": 1, "content_type": 14, "object_id": "2", "object_repr": "Принято решение", "action_flag": 1, "change_message": "[{\"added\": {}}]"}}, {"model": "admin.logentry", "pk": 208, "fields": {"action_time": "2022-06-30T09:56:47.853Z", "user": 1, "content_type": 14, "object_id": "3", "object_repr": "Рассмотрение", "action_flag": 1, "change_message": "[{\"added\": {}}]"}}, {"model": "admin.logentry", "pk": 209, "fields": {"action_time": "2022-06-30T11:35:53.814Z", "user": 1, "content_type": 8, "object_id": "164", "object_repr": "Тест 004", "action_flag": 2, "change_message": "[{\"changed\": {\"fields\": [\"\\u041e\\u0442\\u0434\\u0435\\u043b\", \"\\u0421\\u0442\\u0430\\u0442\\u0443\\u0441\"]}}]"}}, {"model": "admin.logentry", "pk": 210, "fields": {"action_time": "2022-06-30T13:57:11.423Z", "user": 1, "content_type": 8, "object_id": "164", "object_repr": "Тест 004", "action_flag": 2, "change_message": "[]"}}, {"model": "admin.logentry", "pk": 211, "fields": {"action_time": "2022-06-30T13:58:15.615Z", "user": 1, "content_type": 8, "object_id": "164", "object_repr": "Тест 004", "action_flag": 2, "change_message": "[{\"changed\": {\"fields\": [\"\\u0421\\u0442\\u0430\\u0442\\u0443\\u0441\"]}}]"}}, {"model": "admin.logentry", "pk": 212, "fields": {"action_time": "2022-06-30T14:33:21.333Z", "user": 1, "content_type": 8, "object_id": "165", "object_repr": "Test 001232", "action_flag": 2, "change_message": "[{\"changed\": {\"fields\": [\"\\u041e\\u0442\\u0434\\u0435\\u043b\", \"\\u0421\\u0442\\u0430\\u0442\\u0443\\u0441\"]}}]"}}, {"model": "admin.logentry", "pk": 213, "fields": {"action_time": "2022-06-30T19:13:40.497Z", "user": 1, "content_type": 7, "object_id": "3", "object_repr": "Акты органов прокуратуры", "action_flag": 2, "change_message": "[{\"changed\": {\"fields\": [\"\\u041a\\u0430\\u0442\\u0435\\u0433\\u043e\\u0440\\u0438\\u044f\"]}}]"}}, {"model": "admin.logentry", "pk": 214, "fields": {"action_time": "2022-06-30T19:14:04.254Z", "user": 1, "content_type": 7, "object_id": "2", "object_repr": "Судебные акты", "action_flag": 2, "change_message": "[{\"changed\": {\"fields\": [\"\\u041a\\u0430\\u0442\\u0435\\u0433\\u043e\\u0440\\u0438\\u044f\"]}}]"}}, {"model": "admin.logentry", "pk": 215, "fields": {"action_time": "2022-06-30T19:14:29.416Z", "user": 1, "content_type": 7, "object_id": "1", "object_repr": "Акты антимонопольного органа", "action_flag": 2, "change_message": "[{\"changed\": {\"fields\": [\"\\u041a\\u0430\\u0442\\u0435\\u0433\\u043e\\u0440\\u0438\\u044f\"]}}]"}}, {"model": "auth.permission", "pk": 1, "fields": {"name": "Can add log entry", "content_type": 1, "codename": "add_logentry"}}, {"model": "auth.permission", "pk": 2, "fields": {"name": "Can change log entry", "content_type": 1, "codename": "change_logentry"}}, {"model": "auth.permission", "pk": 3, "fields": {"name": "Can delete log entry", "content_type": 1, "codename": "delete_logentry"}}, {"model": "auth.permission", "pk": 4, "fields": {"name": "Can view log entry", "content_type": 1, "codename": "view_logentry"}}, {"model": "auth.permission", "pk": 5, "fields": {"name": "Can add permission", "content_type": 2, "codename": "add_permission"}}, {"model": "auth.permission", "pk": 6, "fields": {"name": "Can change permission", "content_type": 2, "codename": "change_permission"}}, {"model": "auth.permission", "pk": 7, "fields": {"name": "Can delete permission", "content_type": 2, "codename": "delete_permission"}}, {"model": "auth.permission", "pk": 8, "fields": {"name": "Can view permission", "content_type": 2, "codename": "view_permission"}}, {"model": "auth.permission", "pk": 9, "fields": {"name": "Can add group", "content_type": 3, "codename": "add_group"}}, {"model": "auth.permission", "pk": 10, "fields": {"name": "Can change group", "content_type": 3, "codename": "change_group"}}, {"model": "auth.permission", "pk": 11, "fields": {"name": "Can delete group", "content_type": 3, "codename": "delete_group"}}, {"model": "auth.permission", "pk": 12, "fields": {"name": "Can view group", "content_type": 3, "codename": "view_group"}}, {"model": "auth.permission", "pk": 13, "fields": {"name": "Can add user", "content_type": 4, "codename": "add_user"}}, {"model": "auth.permission", "pk": 14, "fields": {"name": "Can change user", "content_type": 4, "codename": "change_user"}}, {"model": "auth.permission", "pk": 15, "fields": {"name": "Can delete user", "content_type": 4, "codename": "delete_user"}}, {"model": "auth.permission", "pk": 16, "fields": {"name": "Can view user", "content_type": 4, "codename": "view_user"}}, {"model": "auth.permission", "pk": 17, "fields": {"name": "Can add content type", "content_type": 5, "codename": "add_contenttype"}}, {"model": "auth.permission", "pk": 18, "fields": {"name": "Can change content type", "content_type": 5, "codename": "change_contenttype"}}, {"model": "auth.permission", "pk": 19, "fields": {"name": "Can delete content type", "content_type": 5, "codename": "delete_contenttype"}}, {"model": "auth.permission", "pk": 20, "fields": {"name": "Can view content type", "content_type": 5, "codename": "view_contenttype"}}, {"model": "auth.permission", "pk": 21, "fields": {"name": "Can add session", "content_type": 6, "codename": "add_session"}}, {"model": "auth.permission", "pk": 22, "fields": {"name": "Can change session", "content_type": 6, "codename": "change_session"}}, {"model": "auth.permission", "pk": 23, "fields": {"name": "Can delete session", "content_type": 6, "codename": "delete_session"}}, {"model": "auth.permission", "pk": 24, "fields": {"name": "Can view session", "content_type": 6, "codename": "view_session"}}, {"model": "auth.permission", "pk": 25, "fields": {"name": "Can add Категория", "content_type": 7, "codename": "add_category"}}, {"model": "auth.permission", "pk": 26, "fields": {"name": "Can change Категория", "content_type": 7, "codename": "change_category"}}, {"model": "auth.permission", "pk": 27, "fields": {"name": "Can delete Категория", "content_type": 7, "codename": "delete_category"}}, {"model": "auth.permission", "pk": 28, "fields": {"name": "Can view Категория", "content_type": 7, "codename": "view_category"}}, {"model": "auth.permission", "pk": 29, "fields": {"name": "Can add Документ", "content_type": 8, "codename": "add_document"}}, {"model": "auth.permission", "pk": 30, "fields": {"name": "Can change Документ", "content_type": 8, "codename": "change_document"}}, {"model": "auth.permission", "pk": 31, "fields": {"name": "Can delete Документ", "content_type": 8, "codename": "delete_document"}}, {"model": "auth.permission", "pk": 32, "fields": {"name": "Can view Документ", "content_type": 8, "codename": "view_document"}}, {"model": "auth.permission", "pk": 33, "fields": {"name": "Can add Вложение", "content_type": 9, "codename": "add_file"}}, {"model": "auth.permission", "pk": 34, "fields": {"name": "Can change Вложение", "content_type": 9, "codename": "change_file"}}, {"model": "auth.permission", "pk": 35, "fields": {"name": "Can delete Вложение", "content_type": 9, "codename": "delete_file"}}, {"model": "auth.permission", "pk": 36, "fields": {"name": "Can view Вложение", "content_type": 9, "codename": "view_file"}}, {"model": "auth.permission", "pk": 37, "fields": {"name": "Can add Закон", "content_type": 10, "codename": "add_law"}}, {"model": "auth.permission", "pk": 38, "fields": {"name": "Can change Закон", "content_type": 10, "codename": "change_law"}}, {"model": "auth.permission", "pk": 39, "fields": {"name": "Can delete Закон", "content_type": 10, "codename": "delete_law"}}, {"model": "auth.permission", "pk": 40, "fields": {"name": "Can view Закон", "content_type": 10, "codename": "view_law"}}, {"model": "auth.permission", "pk": 41, "fields": {"name": "Can add document file", "content_type": 11, "codename": "add_documentfile"}}, {"model": "auth.permission", "pk": 42, "fields": {"name": "Can change document file", "content_type": 11, "codename": "change_documentfile"}}, {"model": "auth.permission", "pk": 43, "fields": {"name": "Can delete document file", "content_type": 11, "codename": "delete_documentfile"}}, {"model": "auth.permission", "pk": 44, "fields": {"name": "Can view document file", "content_type": 11, "codename": "view_documentfile"}}, {"model": "auth.permission", "pk": 45, "fields": {"name": "Can add Отдел", "content_type": 12, "codename": "add_department"}}, {"model": "auth.permission", "pk": 46, "fields": {"name": "Can change Отдел", "content_type": 12, "codename": "change_department"}}, {"model": "auth.permission", "pk": 47, "fields": {"name": "Can delete Отдел", "content_type": 12, "codename": "delete_department"}}, {"model": "auth.permission", "pk": 48, "fields": {"name": "Can view Отдел", "content_type": 12, "codename": "view_department"}}, {"model": "auth.permission", "pk": 49, "fields": {"name": "Can add Отдел", "content_type": 13, "codename": "add_departament"}}, {"model": "auth.permission", "pk": 50, "fields": {"name": "Can change Отдел", "content_type": 13, "codename": "change_departament"}}, {"model": "auth.permission", "pk": 51, "fields": {"name": "Can delete Отдел", "content_type": 13, "codename": "delete_departament"}}, {"model": "auth.permission", "pk": 52, "fields": {"name": "Can view Отдел", "content_type": 13, "codename": "view_departament"}}, {"model": "auth.permission", "pk": 53, "fields": {"name": "Can add Статус", "content_type": 14, "codename": "add_status"}}, {"model": "auth.permission", "pk": 54, "fields": {"name": "Can change Статус", "content_type": 14, "codename": "change_status"}}, {"model": "auth.permission", "pk": 55, "fields": {"name": "Can delete Статус", "content_type": 14, "codename": "delete_status"}}, {"model": "auth.permission", "pk": 56, "fields": {"name": "Can view Статус", "content_type": 14, "codename": "view_status"}}, {"model": "auth.user", "pk": 1, "fields": {"password": "pbkdf2_sha256$260000$P8fFZSRagTRWnZVVzg4dkJ$mibfD6BqqHdZs15as/S8hqJXe7S8GbdC1nOPLkhw3Cs=", "last_login": "2022-07-10T14:31:24.309Z", "is_superuser": true, "username": "admin", "first_name": "", "last_name": "", "email": "", "is_staff": true, "is_active": true, "date_joined": "2022-05-10T19:05:08.838Z", "groups": [], "user_permissions": []}}, {"model": "auth.user", "pk": 2, "fields": {"password": "pbkdf2_sha256$260000$wKwpPPbcMehaZkpKdeCNEB$d2PJQM2ZDjfdMDcDRiiDMNJ5HoxO6x0ukhxKAp7YonE=", "last_login": null, "is_superuser": false, "username": "test", "first_name": "ddss", "last_name": "sd", "email": "", "is_staff": false, "is_active": true, "date_joined": "2022-06-29T09:44:34Z", "groups": [], "user_permissions": []}}, {"model": "contenttypes.contenttype", "pk": 1, "fields": {"app_label": "admin", "model": "logentry"}}, {"model": "contenttypes.contenttype", "pk": 2, "fields": {"app_label": "auth", "model": "permission"}}, {"model": "contenttypes.contenttype", "pk": 3, "fields": {"app_label": "auth", "model": "group"}}, {"model": "contenttypes.contenttype", "pk": 4, "fields": {"app_label": "auth", "model": "user"}}, {"model": "contenttypes.contenttype", "pk": 5, "fields": {"app_label": "contenttypes", "model": "contenttype"}}, {"model": "contenttypes.contenttype", "pk": 6, "fields": {"app_label": "sessions", "model": "session"}}, {"model": "contenttypes.contenttype", "pk": 7, "fields": {"app_label": "base", "model": "category"}}, {"model": "contenttypes.contenttype", "pk": 8, "fields": {"app_label": "base", "model": "document"}}, {"model": "contenttypes.contenttype", "pk": 9, "fields": {"app_label": "base", "model": "file"}}, {"model": "contenttypes.contenttype", "pk": 10, "fields": {"app_label": "base", "model": "law"}}, {"model": "contenttypes.contenttype", "pk": 11, "fields": {"app_label": "base", "model": "documentfile"}}, {"model": "contenttypes.contenttype", "pk": 12, "fields": {"app_label": "base", "model": "department"}}, {"model": "contenttypes.contenttype", "pk": 13, "fields": {"app_label": "base", "model": "departament"}}, {"model": "contenttypes.contenttype", "pk": 14, "fields": {"app_label": "base", "model": "status"}}, {"model": "sessions.session", "pk": "0xv2xhlpq83g04w4vx37eumwyeu48ck7", "fields": {"session_data": ".eJxVjMEOwiAQRP-FsyFsaFnx6N1vIAvsStVAUtqT8d9tkx70NMm8N_NWgdalhLXzHKasLgrU6beLlJ5cd5AfVO9Np1aXeYp6V_RBu761zK_r4f4dFOplW6PjwRL58wDG2ZiRhRMhWUmAxN4YkTgakDwgR9wi0-jBMjh0Non6fAEALDjE:1o1uwD:EY8KLen7Cz9hOsDcGH8LPm3OX3By5lVDQ18CFvtlNqc", "expire_date": "2022-06-30T19:13:53.225Z"}}, {"model": "sessions.session", "pk": "8tun5j05s3vt386cv7pjzv9o7m1tvnc0", "fields": {"session_data": ".eJxVjMEOwiAQRP-FsyFsaFnx6N1vIAvsStVAUtqT8d9tkx70NMm8N_NWgdalhLXzHKasLgrU6beLlJ5cd5AfVO9Np1aXeYp6V_RBu761zK_r4f4dFOplW6PjwRL58wDG2ZiRhRMhWUmAxN4YkTgakDwgR9wi0-jBMjh0Non6fAEALDjE:1oAXy0:yzw0u7dX7HcPyKP5h0JZM3q3bOAgM7ZXpSOJeNm0fxw", "expire_date": "2022-07-24T14:31:24.555Z"}}, {"model": "sessions.session", "pk": "alhakcd0jooaghmhy4np66v9cdr0eyum", "fields": {"session_data": ".eJxVjMEOwiAQRP-FsyFsaFnx6N1vIAvsStVAUtqT8d9tkx70NMm8N_NWgdalhLXzHKasLgrU6beLlJ5cd5AfVO9Np1aXeYp6V_RBu761zK_r4f4dFOplW6PjwRL58wDG2ZiRhRMhWUmAxN4YkTgakDwgR9wi0-jBMjh0Non6fAEALDjE:1o5uDv:3cliGtrmFcKML1t_I2OzsBww_7bDwY6AmKbAkETQfAs", "expire_date": "2022-07-11T19:16:39.871Z"}}, {"model": "sessions.session", "pk": "ao0aryz22djxk60wltxqr16ennu7tahx", "fields": {"session_data": "e30:1o1ZZb:elA_cMDHVdvSLN6tuZrHQH2MdxRYy_ymsn4btWawynU", "expire_date": "2022-06-29T20:25:07.691Z"}}, {"model": "sessions.session", "pk": "aqrhktvui9r4k4gsgw1fd1588i8ukgcn", "fields": {"session_data": ".eJxVjMEOwiAQRP-FsyFsaFnx6N1vIAvsStVAUtqT8d9tkx70NMm8N_NWgdalhLXzHKasLgrU6beLlJ5cd5AfVO9Np1aXeYp6V_RBu761zK_r4f4dFOplW6PjwRL58wDG2ZiRhRMhWUmAxN4YkTgakDwgR9wi0-jBMjh0Non6fAEALDjE:1o8MiG:xL_TCUx1C58JVFozf8Dk3PNfedpWNCxLvcJpmozJ_Gs", "expire_date": "2022-07-18T14:06:08.086Z"}}, {"model": "sessions.session", "pk": "hn4l0lxq9hkig7p4rusoa1yup7okbjui", "fields": {"session_data": ".eJxVjMEOwiAQRP-FsyFsaFnx6N1vIAvsStVAUtqT8d9tkx70NMm8N_NWgdalhLXzHKasLgrU6beLlJ5cd5AfVO9Np1aXeYp6V_RBu761zK_r4f4dFOplW6PjwRL58wDG2ZiRhRMhWUmAxN4YkTgakDwgR9wi0-jBMjh0Non6fAEALDjE:1noh9t:iPT734S5dDe_AO2gn5tOA-gbykXzXd9BSIkDiPyM9uE", "expire_date": "2022-05-25T07:53:21.527Z"}}, {"model": "sessions.session", "pk": "lyogj90dreys01bcehxk3cjidd7ng68z", "fields": {"session_data": ".eJxVjMEOwiAQRP-FsyFsaFnx6N1vIAvsStVAUtqT8d9tkx70NMm8N_NWgdalhLXzHKasLgrU6beLlJ5cd5AfVO9Np1aXeYp6V_RBu761zK_r4f4dFOplW6PjwRL58wDG2ZiRhRMhWUmAxN4YkTgakDwgR9wi0-jBMjh0Non6fAEALDjE:1noVAs:jOQJreHC1RUTzD1-NIC_hARnJdsYnK-45QLsAWz3ogA", "expire_date": "2022-05-24T19:05:34.601Z"}}, {"model": "sessions.session", "pk": "qsgce93440ctkuhubvdfgyrcpwr9g8uc", "fields": {"session_data": ".eJxVjMEOwiAQRP-FsyFsaFnx6N1vIAvsStVAUtqT8d9tkx70NMm8N_NWgdalhLXzHKasLgrU6beLlJ5cd5AfVO9Np1aXeYp6V_RBu761zK_r4f4dFOplW6PjwRL58wDG2ZiRhRMhWUmAxN4YkTgakDwgR9wi0-jBMjh0Non6fAEALDjE:1nyI62:ZUdZBjg55csIdEbji36ZTbFiKoZ39HMiLFd_tWntzy0", "expire_date": "2022-06-20T19:09:02.914Z"}}, {"model": "sessions.session", "pk": "sahxeewp3u1sd18no1pe76r54vz13wiv", "fields": {"session_data": ".eJxVjMEOwiAQRP-FsyFsaFnx6N1vIAvsStVAUtqT8d9tkx70NMm8N_NWgdalhLXzHKasLgrU6beLlJ5cd5AfVO9Np1aXeYp6V_RBu761zK_r4f4dFOplW6PjwRL58wDG2ZiRhRMhWUmAxN4YkTgakDwgR9wi0-jBMjh0Non6fAEALDjE:1nrcUr:5SZzKQZnKPcs-JS4G8rwbtSugqR_vZUpo7cm29dJihc", "expire_date": "2022-06-02T09:31:05.267Z"}}, {"model": "base.category", "pk": 1, "fields": {"title": "Акты антимонопольного органа", "slug": "fas"}}, {"model": "base.category", "pk": 2, "fields": {"title": "Судебные акты", "slug": "sud"}}, {"model": "base.category", "pk": 3, "fields": {"title": "Акты органов прокуратуры", "slug": "prokuratura"}}, {"model": "base.law", "pk": 1, "fields": {"title": "ФЗ №44-ФЗ \"О контрактной системе в сфере закупок товаров, работ, услуг для обеспечения государственных и муниципальных нужд\"", "shorttitle": "44-ФЗ", "slug": "44-fz"}}, {"model": "base.law", "pk": 2, "fields": {"title": "ФЗ №223-ФЗ \"О закупках товаров, работ, услуг отдельными видами юридических лиц\"", "shorttitle": "223-ФЗ", "slug": "223-fz"}}, {"model": "base.law", "pk": 3, "fields": {"title": "ФЗ №135-ФЗ \"О защите конкуренции\"", "shorttitle": "135-ФЗ", "slug": "135-fz"}}, {"model": "base.law", "pk": 4, "fields": {"title": "ФЗ №147-ФЗ \"О естественных монополиях\"", "shorttitle": "147-ФЗ", "slug": "147-fz"}}, {"model": "base.law", "pk": 5, "fields": {"title": "ФЗ №381-ФЗ \"Об основах государственного регулирования торговой деятельности в Российской Федерации\"", "shorttitle": "381-ФЗ", "slug": "381-fz"}}, {"model": "base.law", "pk": 6, "fields": {"title": "ФЗ №38-ФЗ \"О рекламе\"", "shorttitle": "38-ФЗ", "slug": "38-fz"}}, {"model": "base.law", "pk": 7, "fields": {"title": "Прочее", "shorttitle": "Прочее", "slug": "other"}}, {"model": "base.law", "pk": 8, "fields": {"title": "ФЗ №59-ФЗ \"О порядке рассмотрения обращений граждан Российской Федерации\"", "shorttitle": "59-ФЗ", "slug": "59-fz"}}, {"model": "base.departament", "pk": 1, "fields": {"title": "Отдел антимонопольного контроля", "slug": "otdel-ak"}}, {"model": "base.departament", "pk": 2, "fields": {"title": "Отдел естественных монополий", "slug": "otdel-em"}}, {"model": "base.departament", "pk": 3, "fields": {"title": "Отдел контроля закупок", "slug": "otdel-kz"}}, {"model": "base.departament", "pk": 4, "fields": {"title": "Отдел товарных и финансовых рынков", "slug": "otdel-tfr"}}, {"model": "base.status", "pk": 1, "fields": {"title": "Архив", "slug": "arhiv"}}, {"model": "base.status", "pk": 2, "fields": {"title": "Принято решение", "slug": "prinyato-reshenie"}}, {"model": "base.status", "pk": 3, "fields": {"title": "Рассмотрение", "slug": "rassmotrenie"}}, {"model": "base.document", "pk": 5, "fields": {"title": "Тестовый документ 001", "slug": "testovyj-dokument-001", "user": 1, "departament": null, "category": 1, "status": null, "text": "Lorem ipsum dolor sit amet, consectetur adipiscing elit, sed do eiusmod tempor incididunt ut labore et dolore magna aliqua. Lectus quam id leo in vitae turpis massa sed elementum. Euismod in pellentesque massa placerat. Ac tortor vitae purus faucibus ornare suspendisse sed nisi. Quis ipsum suspendisse ultrices gravida dictum. Nibh nisl condimentum id venenatis a condimentum vitae sapien. Suscipit tellus mauris a diam maecenas sed enim. Suspendisse interdum consectetur libero id faucibus. Feugiat nisl pretium fusce id velit ut tortor. Pharetra massa massa ultricies mi quis hendrerit dolor magna. Massa sapien faucibus et molestie ac feugiat sed lectus vestibulum. Ut tortor pretium viverra suspendisse potenti nullam ac tortor. Nisi lacus sed viverra tellus in hac habitasse. Enim eu turpis egestas pretium. Neque sodales ut etiam sit amet nisl purus. Dignissim diam quis enim lobortis scelerisque fermentum dui faucibus in. Ipsum dolor sit amet consectetur adipiscing elit duis tristique. Cras pulvinar mattis nunc sed blandit libero. Lacus luctus accumsan tortor posuere. Dui sapien eget mi proin sed libero. Libero id faucibus nisl tincidunt. In nulla posuere sollicitudin aliquam. Lorem mollis aliquam ut porttitor leo a diam sollicitudin. Vestibulum lectus mauris ultrices eros in cursus turpis. Ac odio tempor orci dapibus ultrices in iaculis nunc sed. Viverra vitae congue eu consequat. Aliquet bibendum enim facilisis gravida. Mauris pellentesque pulvinar pellentesque habitant. Nisl suscipit adipiscing bibendum est ultricies integer quis auctor. Facilisis magna etiam tempor orci eu lobortis elementum nibh tellus. Elit at imperdiet dui accumsan sit amet. Mi ipsum faucibus vitae aliquet nec ullamcorper sit amet risus. Pretium quam vulputate dignissim suspendisse. Posuere sollicitudin aliquam ultrices sagittis orci a scelerisque. Augue neque gravida in fermentum et sollicitudin ac orci. Semper quis lectus nulla at volutpat diam ut venenatis tellus. Laoreet non curabitur gravida arcu ac tortor. Id porta nibh venenatis cras sed felis eget velit. Netus et malesuada fames ac turpis egestas maecenas pharetra. Pellentesque habitant morbi tristique senectus et netus et malesuada fames. Nibh praesent tristique magna sit amet purus gravida quis. Est velit egestas dui id ornare arcu odio ut sem. At volutpat diam ut venenatis tellus in metus. Velit laoreet id donec ultrices tincidunt arcu non sodales. Arcu risus quis varius quam quisque id. Duis ultricies lacus sed turpis. Ac ut consequat semper viverra nam libero. Volutpat lacus laoreet non curabitur. Id donec ultrices tincidunt arcu. Turpis massa tincidunt dui ut ornare. Natoque penatibus et magnis dis. Laoreet suspendisse interdum consectetur libero id faucibus. Mi bibendum neque egestas congue. Neque viverra justo nec ultrices dui sapien eget mi. Donec et odio pellentesque diam. Vivamus at augue eget arcu. Neque ornare aenean euismod elementum nisi quis. Molestie a iaculis at erat. Quam nulla porttitor massa id. Id semper risus in hendrerit. Sit amet cursus sit amet dictum sit amet justo donec. Cursus risus at ultrices mi tempus. Habitant morbi tristique senectus et netus et malesuada fames. Cursus risus at ultrices mi tempus imperdiet nulla malesuada. Blandit aliquam etiam erat velit scelerisque in dictum. Nulla facilisi nullam vehicula ipsum a arcu cursus vitae congue. Faucibus purus in massa tempor nec. Lectus quam id leo in. Sodales neque sodales ut etiam sit amet nisl purus. Libero volutpat sed cras ornare arcu. Pulvinar neque laoreet suspendisse interdum consectetur libero id. Cursus vitae congue mauris rhoncus aenean. Et netus et malesuada fames ac turpis egestas. Etiam non quam lacus suspendisse faucibus interdum posuere lorem. Rutrum tellus pellentesque eu tincidunt tortor aliquam. Purus sit amet volutpat consequat mauris nunc congue nisi. Amet nulla facilisi morbi tempus iaculis urna id. Lacus sed turpis tincidunt id aliquet. Dui id ornare arcu odio ut sem nulla pharetra. Lorem ipsum dolor sit amet, consectetur adipiscing elit, sed do eiusmod tempor incididunt ut labore et dolore magna aliqua. Lectus quam id leo in vitae turpis massa sed elementum. Euismod in pellentesque massa placerat. Ac tortor vitae purus faucibus ornare suspendisse sed nisi. Quis ipsum suspendisse ultrices gravida dictum. Nibh nisl condimentum id venenatis a condimentum vitae sapien. Suscipit tellus mauris a diam maecenas sed enim. Suspendisse interdum consectetur libero id faucibus. Feugiat nisl pretium fusce id velit ut tortor. Pharetra massa massa ultricies mi quis hendrerit dolor magna. Massa sapien faucibus et molestie ac feugiat sed lectus vestibulum. Ut tortor pretium viverra suspendisse potenti nullam ac tortor. Nisi lacus sed viverra tellus in hac habitasse. Enim eu turpis egestas pretium. Neque sodales ut etiam sit amet nisl purus. Dignissim diam quis enim lobortis scelerisque fermentum dui faucibus in. Ipsum dolor sit amet consectetur adipiscing elit duis tristique. Cras pulvinar mattis nunc sed blandit libero. Lacus luctus accumsan tortor posuere. Dui sapien eget mi proin sed libero. Libero id faucibus nisl tincidunt. In nulla posuere sollicitudin aliquam. Lorem mollis aliquam ut porttitor leo a diam sollicitudin. Vestibulum lectus mauris ultrices eros in cursus turpis. Ac odio tempor orci dapibus ultrices in iaculis nunc sed. Viverra vitae congue eu consequat. Aliquet bibendum enim facilisis gravida. Mauris pellentesque pulvinar pellentesque habitant. Nisl suscipit adipiscing bibendum est ultricies integer quis auctor. Facilisis magna etiam tempor orci eu lobortis elementum nibh tellus. Elit at imperdiet dui accumsan sit amet. Mi ipsum faucibus vitae aliquet nec ullamcorper sit amet risus. Pretium quam vulputate dignissim suspendisse. Posuere sollicitudin aliquam ultrices sagittis orci a scelerisque. Augue neque gravida in fermentum et sollicitudin ac orci. Semper quis lectus nulla at volutpat diam ut venenatis tellus. Laoreet non curabitur gravida arcu ac tortor. Id porta nibh venenatis cras sed felis eget velit. Netus et malesuada fames ac turpis egestas maecenas pharetra. Pellentesque habitant morbi tristique senectus et netus et malesuada fames. Nibh praesent tristique magna sit amet purus gravida quis. Est velit egestas dui id ornare arcu odio ut sem. At volutpat diam ut venenatis tellus in metus. Velit laoreet id donec ultrices tincidunt arcu non sodales. Arcu risus quis varius quam quisque id. Duis ultricies lacus sed turpis. Ac ut consequat semper viverra nam libero. Volutpat lacus laoreet non curabitur. Id donec ultrices tincidunt arcu. Turpis massa tincidunt dui ut ornare. Natoque penatibus et magnis dis. Laoreet suspendisse interdum consectetur libero id faucibus. Mi bibendum neque egestas congue. Neque viverra justo nec ultrices dui sapien eget mi. Donec et odio pellentesque diam. Vivamus at augue eget arcu. Neque ornare aenean euismod elementum nisi quis. Molestie a iaculis at erat. Quam nulla porttitor massa id. Id semper risus in hendrerit. Sit amet cursus sit amet dictum sit amet justo donec. Cursus risus at ultrices mi tempus. Habitant morbi tristique senectus et netus et malesuada fames. Cursus risus at ultrices mi tempus imperdiet nulla malesuada. Blandit aliquam etiam erat velit scelerisque in dictum. Nulla facilisi nullam vehicula ipsum a arcu cursus vitae congue. Faucibus purus in massa tempor nec. Lectus quam id leo in. Sodales neque sodales ut etiam sit amet nisl purus. Libero volutpat sed cras ornare arcu. Pulvinar neque laoreet suspendisse interdum consectetur libero id. Cursus vitae congue mauris rhoncus aenean. Et netus et malesuada fames ac turpis egestas. Etiam non quam lacus suspendisse faucibus interdum posuere lorem. Rutrum tellus pellentesque eu tincidunt tortor aliquam. Purus sit amet volutpat consequat mauris nunc congue nisi. Amet nulla facilisi morbi tempus iaculis urna id. Lacus sed turpis tincidunt id aliquet. Dui id ornare arcu odio ut sem nulla pharetra.", "date_create": "2022-05-11T07:54:11.860Z", "date_update": "2022-06-30T13:51:45.963Z", "law": [2]}}, {"model": "base.document", "pk": 6, "fields": {"title": "Тестовый документ 002", "slug": "testovyj-dokument-002", "user": 1, "departament": null, "category": 3, "status": null, "text": "документ Lorem ipsum dolor sit amet, consectetur adipiscing elit, sed do eiusmod tempor incididunt ut labore et dolore magna aliqua. Lectus quam id leo in vitae turpis massa sed elementum. Euismod in pellentesque massa placerat. Ac tortor vitae purus faucibus ornare suspendisse sed nisi. Quis ipsum suspendisse ultrices gravida dictum. Nibh nisl condimentum id venenatis a condimentum vitae sapien. Suscipit tellus mauris a diam maecenas sed enim. Suspendisse interdum consectetur libero id faucibus. Feugiat nisl pretium fusce id velit ut tortor. Pharetra massa massa ultricies mi quis hendrerit dolor magna. Massa sapien faucibus et molestie ac feugiat sed lectus vestibulum. Ut tortor pretium viverra suspendisse potenti nullam ac tortor. Nisi lacus sed viverra tellus in hac habitasse. Enim eu turpis egestas pretium. Neque sodales ut etiam sit amet nisl purus. Dignissim diam quis enim lobortis scelerisque fermentum dui faucibus in. Ipsum dolor sit amet consectetur adipiscing elit duis tristique. Cras pulvinar mattis nunc sed blandit libero. Lacus luctus accumsan tortor posuere. Dui sapien eget mi proin sed libero. Libero id faucibus nisl tincidunt. In nulla posuere sollicitudin aliquam. Lorem mollis aliquam ut porttitor leo a diam sollicitudin. Vestibulum lectus mauris ultrices eros in cursus turpis. Ac odio tempor orci dapibus ultrices in iaculis nunc sed. Viverra vitae congue eu consequat. Aliquet bibendum enim facilisis gravida. Mauris pellentesque pulvinar pellentesque habitant. Nisl suscipit adipiscing bibendum est ultricies integer quis auctor. Facilisis magna etiam tempor orci eu lobortis elementum nibh tellus. Elit at imperdiet dui accumsan sit amet. Mi ipsum faucibus vitae aliquet nec ullamcorper sit amet risus. Pretium quam vulputate dignissim suspendisse. Posuere sollicitudin aliquam ultrices sagittis orci a scelerisque. Augue neque gravida in fermentum et sollicitudin ac orci. Semper quis lectus nulla at volutpat diam ut venenatis tellus. Laoreet non curabitur gravida arcu ac tortor. Id porta nibh venenatis cras sed felis eget velit. Netus et malesuada fames ac turpis egestas maecenas pharetra. Pellentesque habitant morbi tristique senectus et netus et malesuada fames. Nibh praesent tristique magna sit amet purus gravida quis. Est velit egestas dui id ornare arcu odio ut sem. At volutpat diam ut venenatis tellus in metus. Velit laoreet id donec ultrices tincidunt arcu non sodales. Arcu risus quis varius quam quisque id. Duis ultricies lacus sed turpis. Ac ut consequat semper viverra nam libero. Volutpat lacus laoreet non curabitur. Id donec ultrices tincidunt arcu. Turpis massa tincidunt dui ut ornare. Natoque penatibus et magnis dis. Laoreet suspendisse interdum consectetur libero id faucibus. Mi bibendum neque egestas congue. Neque viverra justo nec ultrices dui sapien eget mi. Donec et odio pellentesque diam. Vivamus at augue eget arcu. Neque ornare aenean euismod elementum nisi quis. Molestie a iaculis at erat. Quam nulla porttitor massa id. Id semper risus in hendrerit. Sit amet cursus sit amet dictum sit amet justo donec. Cursus risus at ultrices mi tempus. Habitant morbi tristique senectus et netus et malesuada fames. Cursus risus at ultrices mi tempus imperdiet nulla malesuada. Blandit aliquam etiam erat velit scelerisque in dictum. Nulla facilisi nullam vehicula ipsum a arcu cursus vitae congue. Faucibus purus in massa tempor nec. Lectus quam id leo in. Sodales neque sodales ut etiam sit amet nisl purus. Libero volutpat sed cras ornare arcu. Pulvinar n", "date_create": "2022-05-11T12:33:36.223Z", "date_update": "2022-06-09T20:44:02.399Z", "law": [1]}}, {"model": "base.document", "pk": 73, "fields": {"title": "Тест документ 003", "slug": "test-dokument-003", "user": 1, "departament": null, "category": 1, "status": null, "text": "ыы документ документ", "date_create": "2022-05-13T09:21:56.836Z", "date_update": "2022-06-27T19:23:00.230Z", "law": [2]}}, {"model": "base.document", "pk": 83, "fields": {"title": "Test 0/1/2", "slug": "test-012", "user": 1, "departament": null, "category": 1, "status": null, "text": "", "date_create": "2022-05-13T20:39:17.192Z", "date_update": "2022-05-15T16:35:04.045Z", "law": [1, 2, 3, 4, 5, 6]}}, {"model": "base.document", "pk": 87, "fields": {"title": "Все расширения", "slug": "vse-rasshirenija", "user": 1, "departament": null, "category": 2, "status": 2, "text": "s", "date_create": "2022-05-16T12:14:15.466Z", "date_update": "2022-07-10T13:50:56.506Z", "law": [3]}}, {"model": "base.document", "pk": 88, "fields": {"title": "No file", "slug": "no-file", "user": 1, "departament": null, "category": 3, "status": null, "text": "Lorem ipsum dolor sit amet, consectetur adipiscing elit, sed do eiusmod tempor incididunt ut labore et dolore magna aliqua. Lectus quam id leo in vitae turpis massa sed elementum. Euismod in pellentesque massa placerat. Ac tortor vitae purus faucibus ornare suspendisse sed nisi. Quis ipsum suspendisse ultrices gravida dictum. Nibh nisl condimentum id venenatis a condimentum vitae sapien. Suscipit tellus mauris a diam maecenas sed enim. Suspendisse interdum consectetur libero id faucibus. Feugiat nisl pretium fusce id velit ut tortor. Pharetra massa massa ultricies mi quis hendrerit dolor magna. Massa sapien faucibus et molestie ac feugiat sed lectus vestibulum. Ut tortor pretium viverra suspendisse potenti nullam ac tortor. Nisi lacus sed viverra tellus in hac habitasse. Enim eu turpis egestas pretium. Neque sodales ut etiam sit amet nisl purus. Dignissim diam quis enim lobortis scelerisque fermentum dui faucibus in. Ipsum dolor sit amet consectetur adipiscing elit duis tristique. Cras pulvinar mattis nunc sed blandit libero. Lacus luctus accumsan tortor posuere. Dui sapien eget mi proin sed libero. Libero id faucibus nisl tincidunt. In nulla posuere sollicitudin aliquam. Lorem mollis aliquam ut porttitor leo a diam sollicitudin. Vestibulum lectus mauris ultrices eros in cursus turpis. Ac odio tempor orci dapibus ultrices in iaculis nunc sed. Viverra vitae congue eu consequat. Aliquet bibendum enim facilisis gravida. Mauris pellentesque pulvinar pellentesque habitant. Nisl suscipit adipiscing bibendum est ultricies integer quis auctor. Facilisis magna etiam tempor orci eu lobortis elementum nibh tellus. Elit at imperdiet dui accumsan sit amet. Mi ipsum faucibus vitae aliquet nec ullamcorper sit amet risus. Pretium quam vulputate dignissim suspendisse. Posuere sollicitudin aliquam ultrices sagittis orci a scelerisque. Augue neque gravida in fermentum et sollicitudin ac orci. Semper quis lectus nulla at volutpat diam ut venenatis tellus. Laoreet non curabitur gravida arcu ac tortor. Id porta nibh venenatis cras sed felis eget velit. Netus et malesuada fames ac turpis egestas maecenas pharetra. Pellentesque habitant morbi tristique senectus et netus et malesuada fames. Nibh praesent tristique magna sit amet purus gravida quis. Est velit egestas dui id ornare arcu odio ut sem. At volutpat diam ut venenatis tellus in metus. Velit laoreet id donec ultrices tincidunt arcu non sodales. Arcu risus quis varius quam quisque id. Duis ultricies lacus sed turpis. Ac ut consequat semper viverra nam libero. Volutpat lacus laoreet non curabitur. Id donec ultrices tincidunt arcu. Turpis massa tincidunt dui ut ornare. Natoque penatibus et magnis dis. Laoreet suspendisse interdum consectetur libero id faucibus. Mi bibendum neque egestas congue. Neque viverra justo nec ultrices dui sapien eget mi. Donec et odio pellentesque diam. Vivamus at augue eget arcu. Neque ornare aenean euismod elementum nisi quis. Molestie a iaculis at erat. Quam nulla porttitor massa id. Id semper risus in hendrerit. Sit amet cursus sit amet dictum sit amet justo donec. Cursus risus at ultrices mi tempus. Habitant morbi tristique senectus et netus et malesuada fames. Cursus risus at ultrices mi tempus imperdiet nulla malesuada. Blandit aliquam etiam erat velit scelerisque in dictum. Nulla facilisi nullam vehicula ipsum a arcu cursus vitae congue. Faucibus purus in massa tempor nec. Lectus quam id leo in. Sodales neque sodales ut etiam sit amet nisl purus. Libero volutpat sed cras ornare arcu. Pulvinar neque laoreet suspendisse interdum consectetur libero id. Cursus vitae congue mauris rhoncus aenean. Et netus et malesuada fames ac turpis egestas. Etiam non quam lacus suspendisse faucibus interdum posuere lorem. Rutrum tellus pellentesque eu tincidunt tortor aliquam. Purus sit amet volutpat consequat mauris nunc congue nisi. Amet nulla facilisi morbi tempus iaculis urna id. Lacus sed turpis tincidunt id aliquet. Dui id ornare arcu odio ut sem nulla pharetra. Lorem ipsum dolor sit amet, consectetur adipiscing elit, sed do eiusmod tempor incididunt ut labore et dolore magna aliqua. Lectus quam id leo in vitae turpis massa sed elementum. Euismod in pellentesque massa placerat. Ac tortor vitae purus faucibus ornare suspendisse sed nisi. Quis ipsum suspendisse ultrices gravida dictum. Nibh nisl condimentum id venenatis a condimentum vitae sapien. Suscipit tellus mauris a diam maecenas sed enim. Suspendisse interdum consectetur libero id faucibus. Feugiat nisl pretium fusce id velit ut tortor. Pharetra massa massa ultricies mi quis hendrerit dolor magna. Massa sapien faucibus et molestie ac feugiat sed lectus vestibulum. Ut tortor pretium viverra suspendisse potenti nullam ac tortor. Nisi lacus sed viverra tellus in hac habitasse. Enim eu turpis egestas pretium. Neque sodales ut etiam sit amet nisl purus. Dignissim diam quis enim lobortis scelerisque fermentum dui faucibus in. Ipsum dolor sit amet consectetur adipiscing elit duis tristique. Cras pulvinar mattis nunc sed blandit libero. Lacus luctus accumsan tortor posuere. Dui sapien eget mi proin sed libero. Libero id faucibus nisl tincidunt. In nulla posuere sollicitudin aliquam. Lorem mollis aliquam ut porttitor leo a diam sollicitudin. Vestibulum lectus mauris ultrices eros in cursus turpis. Ac odio tempor orci dapibus ultrices in iaculis nunc sed. Viverra vitae congue eu consequat. Aliquet bibendum enim facilisis gravida. Mauris pellentesque pulvinar pellentesque habitant. Nisl suscipit adipiscing bibendum est ultricies integer quis auctor. Facilisis magna etiam tempor orci eu lobortis elementum nibh tellus. Elit at imperdiet dui accumsan sit amet. Mi ipsum faucibus vitae aliquet nec ullamcorper sit amet risus. Pretium quam vulputate dignissim suspendisse. Posuere sollicitudin aliquam ultrices sagittis orci a scelerisque. Augue neque gravida in fermentum et sollicitudin ac orci. Semper quis lectus nulla at volutpat diam ut venenatis tellus. Laoreet non curabitur gravida arcu ac tortor. Id porta nibh venenatis cras sed felis eget velit. Netus et malesuada fames ac turpis egestas maecenas pharetra. Pellentesque habitant morbi tristique senectus et netus et malesuada fames. Nibh praesent tristique magna sit amet purus gravida quis. Est velit egestas dui id ornare arcu odio ut sem. At volutpat diam ut venenatis tellus in metus. Velit laoreet id donec ultrices tincidunt arcu non sodales. Arcu risus quis varius quam quisque id. Duis ultricies lacus sed turpis. Ac ut consequat semper viverra nam libero. Volutpat lacus laoreet non curabitur. Id donec ultrices tincidunt arcu. Turpis massa tincidunt dui ut ornare. Natoque penatibus et magnis dis. Laoreet suspendisse interdum consectetur libero id faucibus. Mi bibendum neque egestas congue. Neque viverra justo nec ultrices dui sapien eget mi. Donec et odio pellentesque diam. Vivamus at augue eget arcu. Neque ornare aenean euismod elementum nisi quis. Molestie a iaculis at erat. Quam nulla porttitor massa id. Id semper risus in hendrerit. Sit amet cursus sit amet dictum sit amet justo donec. Cursus risus at ultrices mi tempus. Habitant morbi tristique senectus et netus et malesuada fames. Cursus risus at ultrices mi tempus imperdiet nulla malesuada. Blandit aliquam etiam erat velit scelerisque in dictum. Nulla facilisi nullam vehicula ipsum a arcu cursus vitae congue. Faucibus purus in massa tempor nec. Lectus quam id leo in. Sodales neque sodales ut etiam sit amet nisl purus. Libero volutpat sed cras ornare arcu. Pulvinar neque laoreet suspendisse interdum consectetur libero id. Cursus vitae congue mauris rhoncus aenean. Et netus et malesuada fames ac turpis egestas. Etiam non quam lacus suspendisse faucibus interdum posuere lorem. Rutrum tellus pellentesque eu tincidunt tortor aliquam. Purus sit amet volutpat consequat mauris nunc congue nisi. Amet nulla facilisi morbi tempus iaculis urna id. Lacus sed turpis tincidunt", "date_create": "2022-05-16T18:22:48.978Z", "date_update": "2022-06-09T14:14:04.282Z", "law": [5]}}, {"model": "base.document", "pk": 89, "fields": {"title": "Все файлы", "slug": "vse-fajly", "user": 1, "departament": null, "category": 2, "status": null, "text": "Lorem ipsum dolor sit amet, consectetur adipiscing elit, sed do eiusmod tempor incididunt ut labore et dolore magna aliqua. Lectus quam id leo in vitae turpis massa sed elementum. Euismod in pellentesque massa placerat. Ac tortor vitae purus faucibus ornare suspendisse sed nisi. Quis ipsum suspendisse ultrices gravida dictum. Nibh nisl condimentum id venenatis a condimentum vitae sapien. Suscipit tellus mauris a diam maecenas sed enim. Suspendisse interdum consectetur libero id faucibus. Feugiat nisl pretium fusce id velit ut tortor. Pharetra massa massa ultricies mi quis hendrerit dolor magna. Massa sapien faucibus et molestie ac feugiat sed lectus vestibulum. Ut tortor pretium viverra suspendisse potenti nullam ac tortor. Nisi lacus sed viverra tellus in hac habitasse. Enim eu turpis egestas pretium. Neque sodales ut etiam sit amet nisl purus. Dignissim diam quis enim lobortis scelerisque fermentum dui faucibus in. Ipsum dolor sit amet consectetur adipiscing elit duis tristique. Cras pulvinar mattis nunc sed blandit libero. Lacus luctus accumsan tortor posuere. Dui sapien eget mi proin sed libero. Libero id faucibus nisl tincidunt. In nulla posuere sollicitudin aliquam. Lorem mollis aliquam ut porttitor leo a diam sollicitudin. Vestibulum lectus mauris ultrices eros in cursus turpis. Ac odio tempor orci dapibus ultrices in iaculis nunc sed. Viverra vitae congue eu consequat. Aliquet bibendum enim facilisis gravida. Mauris pellentesque pulvinar pellentesque habitant. Nisl suscipit adipiscing bibendum est ultricies integer quis auctor. Facilisis magna etiam tempor orci eu lobortis elementum nibh tellus. Elit at imperdiet dui accumsan sit amet. Mi ipsum faucibus vitae aliquet nec ullamcorper sit amet risus. Pretium quam vulputate dignissim suspendisse. Posuere sollicitudin aliquam ultrices sagittis orci a scelerisque. Augue neque gravida in fermentum et sollicitudin ac orci. Semper quis lectus nulla at volutpat diam ut venenatis tellus. Laoreet non curabitur gravida arcu ac tortor. Id porta nibh venenatis cras sed felis eget velit. Netus et malesuada fames ac turpis egestas maecenas pharetra. Pellentesque habitant morbi tristique senectus et netus et malesuada fames. Nibh praesent tristique magna sit amet purus gravida quis. Est velit egestas dui id ornare arcu odio ut sem. At volutpat diam ut venenatis tellus in metus. Velit laoreet id donec ultrices tincidunt arcu non sodales. Arcu risus quis varius quam quisque id. Duis ultricies lacus sed turpis. Ac ut consequat semper viverra nam libero. Volutpat lacus laoreet non curabitur. Id donec ultrices tincidunt arcu. Turpis massa tincidunt dui ut ornare. Natoque penatibus et magnis dis. Laoreet suspendisse interdum consectetur libero id faucibus. Mi bibendum neque egestas congue. Neque viverra justo nec ultrices dui sapien eget mi. Donec et odio pellentesque diam. Vivamus at augue eget arcu. Neque ornare aenean euismod elementum nisi quis. Molestie a iaculis at erat. Quam nulla porttitor massa id. Id semper risus in hendrerit. Sit amet cursus sit amet dictum sit amet justo donec. Cursus risus at ultrices mi tempus. Habitant morbi tristique senectus et netus et malesuada fames. Cursus risus at ultrices mi tempus imperdiet nulla malesuada. Blandit aliquam etiam erat velit scelerisque in dictum. Nulla facilisi nullam vehicula ipsum a arcu cursus vitae congue. Faucibus purus in massa tempor nec. Lectus quam id leo in. Sodales neque sodales ut etiam sit amet nisl purus. Libero volutpat sed cras ornare arcu. Pulvinar neque laoreet suspendisse interdum consectetur libero id. Cursus vitae congue mauris rhoncus aenean. Et netus et malesuada fames ac turpis egestas. Etiam non quam lacus suspendisse faucibus interdum posuere lorem. Rutrum tellus pellentesque eu tincidunt tortor aliquam. Purus sit amet volutpat consequat mauris nunc congue nisi. Amet nulla facilisi morbi tempus iaculis urna id. Lacus sed turpis tincidunt id aliquet. Dui id ornare arcu odio ut sem nulla pharetra. Lorem ipsum dolor sit amet, consectetur adipiscing elit, sed do eiusmod tempor incididunt ut labore et dolore magna aliqua. Lectus quam id leo in vitae turpis massa sed elementum. Euismod in pellentesque massa placerat. Ac tortor vitae purus faucibus ornare suspendisse sed nisi. Quis ipsum suspendisse ultrices gravida dictum. Nibh nisl condimentum id venenatis a condimentum vitae sapien. Suscipit tellus mauris a diam maecenas sed enim. Suspendisse interdum consectetur libero id faucibus. Feugiat nisl pretium fusce id velit ut tortor. Pharetra massa massa ultricies mi quis hendrerit dolor magna. Massa sapien faucibus et molestie ac feugiat sed lectus vestibulum. Ut tortor pretium viverra suspendisse potenti nullam ac tortor. Nisi lacus sed viverra tellus in hac habitasse. Enim eu turpis egestas pretium. Neque sodales ut etiam sit amet nisl purus. Dignissim diam quis enim lobortis scelerisque fermentum dui faucibus in. Ipsum dolor sit amet consectetur adipiscing elit duis tristique. Cras pulvinar mattis nunc sed blandit libero. Lacus luctus accumsan tortor posuere. Dui sapien eget mi proin sed libero. Libero id faucibus nisl tincidunt. In nulla posuere sollicitudin aliquam. Lorem mollis aliquam ut porttitor leo a diam sollicitudin. Vestibulum lectus mauris ultrices eros in cursus turpis. Ac odio tempor orci dapibus ultrices in iaculis nunc sed. Viverra vitae congue eu consequat. Aliquet bibendum enim facilisis gravida. Mauris pellentesque pulvinar pellentesque habitant. Nisl suscipit adipiscing bibendum est ultricies integer quis auctor. Facilisis magna etiam tempor orci eu lobortis elementum nibh tellus. Elit at imperdiet dui accumsan sit amet. Mi ipsum faucibus vitae aliquet nec ullamcorper sit amet risus. Pretium quam vulputate dignissim suspendisse. Posuere sollicitudin aliquam ultrices sagittis orci a scelerisque. Augue neque gravida in fermentum et sollicitudin ac orci. Semper quis lectus nulla at volutpat diam ut venenatis tellus. Laoreet non curabitur gravida arcu ac tortor. Id porta nibh venenatis cras sed felis eget velit. Netus et malesuada fames ac turpis egestas maecenas pharetra. Pellentesque habitant morbi tristique senectus et netus et malesuada fames. Nibh praesent tristique magna sit amet purus gravida quis. Est velit egestas dui id ornare arcu odio ut sem. At volutpat diam ut venenatis tellus in metus. Velit laoreet id donec ultrices tincidunt arcu non sodales. Arcu risus quis varius quam quisque id. Duis ultricies lacus sed turpis. Ac ut consequat semper viverra nam libero. Volutpat lacus laoreet non curabitur. Id donec ultrices tincidunt arcu. Turpis massa tincidunt dui ut ornare. Natoque penatibus et magnis dis. Laoreet suspendisse interdum consectetur libero id faucibus. Mi bibendum neque egestas congue. Neque viverra justo nec ultrices dui sapien eget mi. Donec et odio pellentesque diam. Vivamus at augue eget arcu. Neque ornare aenean euismod elementum nisi quis. Molestie a iaculis at erat. Quam nulla porttitor massa id. Id semper risus in hendrerit. Sit amet cursus sit amet dictum sit amet justo donec. Cursus risus at ultrices mi tempus. Habitant morbi tristique senectus et netus et malesuada fames. Cursus risus at ultrices mi tempus imperdiet nulla malesuada. Blandit aliquam etiam erat velit scelerisque in dictum. Nulla facilisi nullam vehicula ipsum a arcu cursus vitae congue. Faucibus purus in massa tempor nec. Lectus quam id leo in. Sodales neque sodales ut etiam sit amet nisl purus. Libero volutpat sed cras ornare arcu. Pulvinar neque laoreet suspendisse interdum consectetur libero id. Cursus vitae congue mauris rhoncus aenean. Et netus et malesuada fames ac turpis egestas. Etiam non quam lacus suspendisse faucibus interdum posuere lorem. Rutrum tellus pellentesque eu tincidunt tortor aliquam. Purus sit amet volutpat consequat mauris nunc congue nisi. Amet nulla facilisi morbi tempus iaculis urna id. Lacus sed turpis tincidunt", "date_create": "2022-05-20T19:17:38.366Z", "date_update": "2022-06-09T14:44:11.792Z", "law": [2, 3, 4]}}, {"model": "base.document", "pk": 146, "fields": {"title": "пп рр оо лл", "slug": "pp-rr-oo-ll", "user": 1, "departament": 3, "category": 1, "status": null, "text": "11", "date_create": "2022-06-12T11:00:44.406Z", "date_update": "2022-06-29T19:08:09.273Z", "law": [1]}}, {"model": "base.document", "pk": 149, "fields": {"title": "аааа", "slug": "aaaa", "user": 1, "departament": 3, "category": 1, "status": null, "text": "тти", "date_create": "2022-06-14T20:40:55.541Z", "date_update": "2022-06-29T19:14:33.246Z", "law": [1, 3, 4, 8]}}, {"model": "base.document", "pk": 150, "fields": {"title": "иим рр", "slug": "iim-rr", "user": 1, "departament": 4, "category": 1, "status": 2, "text": "112", "date_create": "2022-06-14T20:41:43.215Z", "date_update": "2022-07-10T13:49:57.818Z", "law": []}}, {"model": "base.document", "pk": 151, "fields": {"title": "bvbvbv", "slug": "bvbvbv", "user": 1, "departament": null, "category": 3, "status": null, "text": "", "date_create": "2022-06-14T20:56:12.342Z", "date_update": "2022-06-14T20:56:44.104Z", "law": [7]}}, {"model": "base.document", "pk": 152, "fields": {"title": "vbvb", "slug": "vbvb", "user": 1, "departament": null, "category": 3, "status": null, "text": "", "date_create": "2022-06-14T20:56:32.819Z", "date_update": "2022-06-14T20:56:32.827Z", "law": [2]}}, {"model": "base.document", "pk": 153, "fields": {"title": "xc", "slug": "xc", "user": 1, "departament": null, "category": 3, "status": null, "text": "vvv", "date_create": "2022-06-14T21:09:04.591Z", "date_update": "2022-06-27T18:54:33.461Z", "law": []}}, {"model": "base.document", "pk": 154, "fields": {"title": "hjhj", "slug": "hjhj", "user": 1, "departament": 2, "category": 1, "status": null, "text": "bbbbbbvfd", "date_create": "2022-06-14T21:09:48.771Z", "date_update": "2022-06-29T19:07:48.670Z", "law": [1]}}, {"model": "base.document", "pk": 155, "fields": {"title": "dsdf sdfs", "slug": "dsdf-sdfs", "user": 1, "departament": null, "category": 2, "status": null, "text": "dddfcsdf", "date_create": "2022-06-29T08:20:53.279Z", "date_update": "2022-06-29T09:04:24.098Z", "law": []}}, {"model": "base.document", "pk": 156, "fields": {"title": "vfddf sdf", "slug": "vfddf-sdf", "user": 1, "departament": null, "category": 2, "status": null, "text": "", "date_create": "2022-06-29T09:06:12.736Z", "date_update": "2022-06-29T09:10:13.843Z", "law": []}}, {"model": "base.document", "pk": 157, "fields": {"title": "hg", "slug": "hg", "user": 1, "departament": 3, "category": 1, "status": null, "text": "csdf", "date_create": "2022-06-29T09:11:26.981Z", "date_update": "2022-06-29T19:07:38.755Z", "law": []}}, {"model": "base.document", "pk": 158, "fields": {"title": "fdfdf", "slug": "fdfdf", "user": 1, "departament": null, "category": 2, "status": null, "text": "d", "date_create": "2022-06-29T09:13:01.281Z", "date_update": "2022-06-29T09:14:05.427Z", "law": []}}, {"model": "base.document", "pk": 159, "fields": {"title": "df11122fd", "slug": "df1", "user": 1, "departament": null, "category": 1, "status": null, "text": "djsfdssdff", "date_create": "2022-06-29T09:14:41.305Z", "date_update": "2022-06-30T14:25:13.018Z", "law": [2]}}, {"model": "base.document", "pk": 160, "fields": {"title": "sdf", "slug": "sdf", "user": 1, "departament": null, "category": 2, "status": null, "text": "df", "date_create": "2022-06-29T12:09:03.063Z", "date_update": "2022-06-29T12:09:03.063Z", "law": []}}, {"model": "base.document", "pk": 161, "fields": {"title": "sdfsdfsdf", "slug": "sdfsdfsdf", "user": 1, "departament": null, "category": 3, "status": null, "text": "", "date_create": "2022-06-29T12:10:22.864Z", "date_update": "2022-06-30T14:42:10.209Z", "law": [2]}}, {"model": "base.document", "pk": 162, "fields": {"title": "sdfsdfs11", "slug": "sdfsdfs11", "user": 1, "departament": 1, "category": 1, "status": null, "text": "sdf", "date_create": "2022-06-29T12:11:31.355Z", "date_update": "2022-06-29T19:16:31.903Z", "law": [1]}}, {"model": "base.document", "pk": 163, "fields": {"title": "sdfsdfs11sdfdfd001233", "slug": "sdfsdfs11sdf", "user": 1, "departament": 1, "category": 1, "status": 1, "text": "sdfsdfdfvfdhhv", "date_create": "2022-06-29T12:13:38.098Z", "date_update": "2022-07-07T11:57:32.900Z", "law": [3]}}, {"model": "base.document", "pk": 164, "fields": {"title": "Тест 004", "slug": "test-004", "user": 1, "departament": 1, "category": 1, "status": 1, "text": "ееннггшшщщзз", "date_create": "2022-06-30T11:14:51.355Z", "date_update": "2022-06-30T14:00:14.891Z", "law": [2]}}, {"model": "base.document", "pk": 165, "fields": {"title": "Test 001232", "slug": "test-001232", "user": 1, "departament": 1, "category": 1, "status": 2, "text": "sdfsdfjjhsd", "date_create": "2022-06-30T13:40:54.946Z", "date_update": "2022-06-30T14:33:21.247Z", "law": [3]}}, {"model": "base.document", "pk": 166, "fields": {"title": "Тест №00112233", "slug": "test-no00112233", "user": 1, "departament": 1, "category": 1, "status": 2, "text": "ввв", "date_create": "2022-06-30T18:30:42.687Z", "date_update": "2022-06-30T18:37:01.270Z", "law": [2]}}, {"model": "base.document", "pk": 167, "fields": {"title": "sddvv2", "slug": "sddvv2", "user": 1, "departament": 3, "category": 2, "status": 1, "text": "dsdsfsdf", "date_create": "2022-06-30T18:33:27.120Z", "date_update": "2022-07-10T13:47:52.663Z", "law": [3]}}, {"model": "base.document", "pk": 168, "fields": {"title": "tthhgg", "slug": "tthhgg", "user": 1, "departament": 1, "category": 1, "status": 1, "text": "", "date_create": "2022-07-17T17:52:48.810Z", "date_update": "2022-07-17T17:52:48.848Z", "law": [1]}}, {"model": "base.documentfile", "pk": 5, "fields": {"document": 5, "file": "uploads/Тестовый документ 001/Тестовый_документ_ворд.docx"}}, {"model": "base.documentfile", "pk": 6, "fields": {"document": 5, "file": "uploads/Тестовый документ 001/Новый_текстовый_докумен-т.txt"}}, {"model": "base.documentfile", "pk": 7, "fields": {"document": 6, "file": "uploads/Тестовый документ 002/Новый_текстовый_докумен-т.txt"}}, {"model": "base.documentfile", "pk": 110, "fields": {"document": 73, "file": "uploads/Тест документ 003/Новый_текстовый_докумен-т.txt"}}, {"model": "base.documentfile", "pk": 123, "fields": {"document": 87, "file": "uploads/Все расширения/test__копия.jpg"}}, {"model": "base.documentfile", "pk": 124, "fields": {"document": 87, "file": "uploads/Все расширения/test.bmp"}}, {"model": "base.documentfile", "pk": 125, "fields": {"document": 87, "file": "uploads/Все расширения/test.xlsx"}}, {"model": "base.documentfile", "pk": 126, "fields": {"document": 87, "file": "uploads/Все расширения/test2.txt"}}, {"model": "base.documentfile", "pk": 127, "fields": {"document": 87, "file": "uploads/Все расширения/Новая_сжатая_ZIP-папка.zip"}}, {"model": "base.documentfile", "pk": 128, "fields": {"document": 87, "file": "uploads/Все расширения/Обзор_формата_Adobe_PDF.pdf"}}, {"model": "base.documentfile", "pk": 129, "fields": {"document": 87, "file": "uploads/Все расширения/Презентация_Microsoft_PowerPoint.pptx"}}, {"model": "base.documentfile", "pk": 130, "fields": {"document": 87, "file": "uploads/Все расширения/Тестовый_документ_ворд.docx"}}, {"model": "base.documentfile", "pk": 131, "fields": {"document": 89, "file": "uploads/Все файлы/test.bmp"}}, {"model": "base.documentfile", "pk": 132, "fields": {"document": 89, "file": "uploads/Все файлы/test.xlsx"}}, {"model": "base.documentfile", "pk": 133, "fields": {"document": 89, "file": "uploads/Все файлы/test__копия.jpg"}}, {"model": "base.documentfile", "pk": 134, "fields": {"document": 89, "file": "uploads/Все файлы/test2.txt"}}, {"model": "base.documentfile", "pk": 135, "fields": {"document": 89, "file": "uploads/Все файлы/Новая_сжатая_ZIP-папка_5gqHvT7.zip"}}, {"model": "base.documentfile", "pk": 136, "fields": {"document": 89, "file": "uploads/Все файлы/Обзор_формата_Adobe_PDF_iOLrHBM.pdf"}}, {"model": "base.documentfile", "pk": 137, "fields": {"document": 89, "file": "uploads/Все файлы/Презентация_Microsoft_PowerPoint_6YMMaF4.pptx"}}, {"model": "base.documentfile", "pk": 138, "fields": {"document": 89, "file": "uploads/Все файлы/Тестовый_документ_ворд_cv9Jrw6.docx"}}, {"model": "base.documentfile", "pk": 140, "fields": {"document": 87, "file": "uploads/Все расширения/docx__копия.docx"}}, {"model": "base.documentfile", "pk": 141, "fields": {"document": 87, "file": "uploads/Все расширенияvv/pdf.pdf"}}, {"model": "base.documentfile", "pk": 142, "fields": {"document": 87, "file": "uploads/Все расширенияvv/pdf__копия.pdf"}}, {"model": "base.documentfile", "pk": 143, "fields": {"document": 87, "file": "uploads/Все расширенияvv/33.txt"}}, {"model": "base.documentfile", "pk": 144, "fields": {"document": 87, "file": "uploads/Все расширенияvv/33_StGZBbb.txt"}}, {"model": "base.documentfile", "pk": 145, "fields": {"document": 87, "file": "uploads/Все расширенияvv/33_lbvcwOA.txt"}}, {"model": "base.documentfile", "pk": 146, "fields": {"document": 89, "file": "uploads/Все файлы/doc.doc"}}, {"model": "base.documentfile", "pk": 147, "fields": {"document": 89, "file": "uploads/Все файлы/doc_WSHPBIv.doc"}}, {"model": "base.documentfile", "pk": 244, "fields": {"document": 88, "file": "uploads/No file/doc.doc"}}, {"model": "base.documentfile", "pk": 245, "fields": {"document": 6, "file": "uploads/Тестовый документ 002/doc.doc"}}, {"model": "base.documentfile", "pk": 246, "fields": {"document": 5, "file": "uploads/Тестовый документ 001/doc.doc"}}, {"model": "base.documentfile", "pk": 247, "fields": {"document": 5, "file": "uploads/Тестовый документ 001/docx.docx"}}, {"model": "base.documentfile", "pk": 248, "fields": {"document": 5, "file": "uploads/Тестовый документ 001/docx_Malqwvq.docx"}}, {"model": "base.documentfile", "pk": 249, "fields": {"document": 146, "file": "uploads/пп рр оо лл/doc.doc"}}, {"model": "base.documentfile", "pk": 250, "fields": {"document": 146, "file": "uploads/пп рр оо лл/docx.docx"}}, {"model": "base.documentfile", "pk": 251, "fields": {"document": 150, "file": "uploads/иим рр/doc.doc"}}, {"model": "base.documentfile", "pk": 252, "fields": {"document": 150, "file": "uploads/иим рр/docx.docx"}}, {"model": "base.documentfile", "pk": 253, "fields": {"document": 150, "file": "uploads/иим рр/test.txt"}}, {"model": "base.documentfile", "pk": 254, "fields": {"document": 150, "file": "uploads/иим рр/test2.txt"}}, {"model": "base.documentfile", "pk": 255, "fields": {"document": 154, "file": "uploads/hjhj/test.txt"}}, {"model": "base.documentfile", "pk": 257, "fields": {"document": 153, "file": "uploads/xc/doc.doc"}}, {"model": "base.documentfile", "pk": 260, "fields": {"document": 159, "file": "uploads/df11122fd/Тестовый_документ_ворд.docx"}}, {"model": "base.documentfile", "pk": 261, "fields": {"document": 159, "file": "uploads/df11122fd/test2.txt"}}, {"model": "base.documentfile", "pk": 262, "fields": {"document": 161, "file": "uploads/sdfsdfsdf/Новая_сжатая_ZIP-папка.zip"}}, {"model": "base.documentfile", "pk": 263, "fields": {"document": 161, "file": "uploads/sdfsdfsdf/Тестовый_документ_ворд.docx"}}, {"model": "base.documentfile", "pk": 264, "fields": {"document": 163, "file": "uploads/sdfsdfs11sdf/Новая_сжатая_ZIP-папка.zip"}}, {"model": "base.documentfile", "pk": 265, "fields": {"document": 163, "file": "uploads/sdfsdfs11sdf/Тестовый_документ_ворд.docx"}}, {"model": "base.documentfile", "pk": 266, "fields": {"document": 163, "file": "uploads/sdfsdfs11sdf/Тестовый_документ_ворд_4D09VF5.docx"}}, {"model": "base.documentfile", "pk": 267, "fields": {"document": 163, "file": "uploads/sdfsdfs11sdfdfd00/Тестовый_документ_ворд.docx"}}, {"model": "base.documentfile", "pk": 268, "fields": {"document": 163, "file": "uploads/sdfsdfs11sdfdfd001233/Тестовый_документ_ворд.docx"}}, {"model": "base.documentfile", "pk": 269, "fields": {"document": 163, "file": "uploads/sdfsdfs11sdfdfd001233/test2.txt"}}, {"model": "base.documentfile", "pk": 271, "fields": {"document": 163, "file": "uploads/sdfsdfs11sdfdfd001233/Тестовый_документ_ворд_OvDhuCe.docx"}}, {"model": "base.documentfile", "pk": 306, "fields": {"document": 167, "file": "uploads/sddvv2/test.xlsx"}}, {"model": "base.documentfile", "pk": 307, "fields": {"document": 167, "file": "uploads/sddvv2/test2.txt"}}, {"model": "base.documentfile", "pk": 308, "fields": {"document": 167, "file": "uploads/sddvv2/Новая_сжатая_ZIP-папка.zip"}}, {"model": "base.documentfile", "pk": 309, "fields": {"document": 167, "file": "uploads/sddvv2/Тестовый_документ_ворд.docx"}}, {"model": "base.documentfile", "pk": 310, "fields": {"document": 167, "file": "uploads/sddvv2/docx__копия.docx"}}]